id,name,path,collection,parentId,sourceUrl,folderUrl,type,extension,displaySize,campaignMonth,formatFromName,ugcLabeled,previewLabeled,storageStatus,inspectionStatus,performanceStatus
1T8UF0lF0pm9_mpy-bFfLSVom7RO7WZ1s,AL WHITE WINDOW.png,Brand Assets/A-TEAM ASSETS/AL WHITE WINDOW.png,brand,1thqDi9H9A47RM9j3W36qZaDRvngEjtPu,https://drive.google.com/file/d/1T8UF0lF0pm9_mpy-bFfLSVom7RO7WZ1s/view,https://drive.google.com/drive/folders/1thqDi9H9A47RM9j3W36qZaDRvngEjtPu,image,.png,15.2 MB,,,False,False,linked_to_drive,cataloged,not_supplied
17VgHvuL4xr94LcSQnq6e-HbHDnHABAS5,ateam.psd,Brand Assets/A-TEAM ASSETS/ateam.psd,brand,1thqDi9H9A47RM9j3W36qZaDRvngEjtPu,https://drive.google.com/file/d/17VgHvuL4xr94LcSQnq6e-HbHDnHABAS5/view,https://drive.google.com/drive/folders/1thqDi9H9A47RM9j3W36qZaDRvngEjtPu,layered image,.psd,56.5 MB,,,False,False,linked_to_drive,cataloged,not_supplied
1Dvl8zcn7_lTq3-KPslnHagggUZHYair-,PHTO A-Team 2021 2A 12679 RGB 2.png,Brand Assets/A-TEAM ASSETS/PHTO A-Team 2021 2A 12679 RGB 2.png,brand,1thqDi9H9A47RM9j3W36qZaDRvngEjtPu,https://drive.google.com/file/d/1Dvl8zcn7_lTq3-KPslnHagggUZHYair-/view,https://drive.google.com/drive/folders/1thqDi9H9A47RM9j3W36qZaDRvngEjtPu,image,.png,1.2 MB,,,False,False,linked_to_drive,cataloged,not_supplied
1pI2g-lCS9mu9ff5yFXQnx7crxk941evz,PHTO A-Team 2021 2A 12679 RGB.png,Brand Assets/A-TEAM ASSETS/PHTO A-Team 2021 2A 12679 RGB.png,brand,1thqDi9H9A47RM9j3W36qZaDRvngEjtPu,https://drive.google.com/file/d/1pI2g-lCS9mu9ff5yFXQnx7crxk941evz/view,https://drive.google.com/drive/folders/1thqDi9H9A47RM9j3W36qZaDRvngEjtPu,image,.png,1.2 MB,,,False,False,linked_to_drive,cataloged,not_supplied
1gjgT9OKq8lmRFzFcH43juvDqMKfv-6iL,PHTO A-Team Certified Master Installer 2021 392A 12679 RGB.png,Brand Assets/A-TEAM ASSETS/PHTO A-Team Certified Master Installer 2021 392A 12679 RGB.png,brand,1thqDi9H9A47RM9j3W36qZaDRvngEjtPu,https://drive.google.com/file/d/1gjgT9OKq8lmRFzFcH43juvDqMKfv-6iL/view,https://drive.google.com/drive/folders/1thqDi9H9A47RM9j3W36qZaDRvngEjtPu,image,.png,2.5 MB,,,False,False,linked_to_drive,cataloged,not_supplied
1DEVF-_kNNIJmsAO4mEKbGu-QpHsK8FvW,PHTO A-Team Concierge 2021 161A 12679 RGB.png,Brand Assets/A-TEAM ASSETS/PHTO A-Team Concierge 2021 161A 12679 RGB.png,brand,1thqDi9H9A47RM9j3W36qZaDRvngEjtPu,https://drive.google.com/file/d/1DEVF-_kNNIJmsAO4mEKbGu-QpHsK8FvW/view,https://drive.google.com/drive/folders/1thqDi9H9A47RM9j3W36qZaDRvngEjtPu,image,.png,7.6 MB,,,False,False,linked_to_drive,cataloged,not_supplied
1MsGQle2O7xh6G6KB61HaEUHQA8xZVswz,PHTO A-Team Design Consultant 2021 354A 12679 RGB (1).png,Brand Assets/A-TEAM ASSETS/PHTO A-Team Design Consultant 2021 354A 12679 RGB (1).png,brand,1thqDi9H9A47RM9j3W36qZaDRvngEjtPu,https://drive.google.com/file/d/1MsGQle2O7xh6G6KB61HaEUHQA8xZVswz/view,https://drive.google.com/drive/folders/1thqDi9H9A47RM9j3W36qZaDRvngEjtPu,image,.png,7.1 MB,,,False,False,linked_to_drive,cataloged,not_supplied
15XQL8m_oDqjr5TAPmdSUcoBgL7eCWds5,PHTO A-Team Service Tech 2021 119A 12679 RGB.png,Brand Assets/A-TEAM ASSETS/PHTO A-Team Service Tech 2021 119A 12679 RGB.png,brand,1thqDi9H9A47RM9j3W36qZaDRvngEjtPu,https://drive.google.com/file/d/15XQL8m_oDqjr5TAPmdSUcoBgL7eCWds5/view,https://drive.google.com/drive/folders/1thqDi9H9A47RM9j3W36qZaDRvngEjtPu,image,.png,7.2 MB,,,False,False,linked_to_drive,cataloged,not_supplied
1bgRPxfRld_RWnUfC5K18w-zz1qKYjpK-,PHTO Al Holding Double-Hung Window Black 12014A 12480 RGB 2.png,Brand Assets/A-TEAM ASSETS/PHTO Al Holding Double-Hung Window Black 12014A 12480 RGB 2.png,brand,1thqDi9H9A47RM9j3W36qZaDRvngEjtPu,https://drive.google.com/file/d/1bgRPxfRld_RWnUfC5K18w-zz1qKYjpK-/view,https://drive.google.com/drive/folders/1thqDi9H9A47RM9j3W36qZaDRvngEjtPu,image,.png,1.3 MB,,,False,False,linked_to_drive,cataloged,not_supplied
1TQWSG5wNn9U2eRE-3ln0N1Q4O_iZXSsB,PHTO Al Holding Double-Hung Window Black 12014A 12480 RGB.png,Brand Assets/A-TEAM ASSETS/PHTO Al Holding Double-Hung Window Black 12014A 12480 RGB.png,brand,1thqDi9H9A47RM9j3W36qZaDRvngEjtPu,https://drive.google.com/file/d/1TQWSG5wNn9U2eRE-3ln0N1Q4O_iZXSsB/view,https://drive.google.com/drive/folders/1thqDi9H9A47RM9j3W36qZaDRvngEjtPu,image,.png,1.3 MB,,,False,False,linked_to_drive,cataloged,not_supplied
15sHd6_1NvErot2R1_8oWs8oBnu1LWboo,PHTO Al Holding Double-Hung Window Black 12014B 12480 RGB.png,Brand Assets/A-TEAM ASSETS/PHTO Al Holding Double-Hung Window Black 12014B 12480 RGB.png,brand,1thqDi9H9A47RM9j3W36qZaDRvngEjtPu,https://drive.google.com/file/d/15sHd6_1NvErot2R1_8oWs8oBnu1LWboo/view,https://drive.google.com/drive/folders/1thqDi9H9A47RM9j3W36qZaDRvngEjtPu,image,.png,3.4 MB,,,False,False,linked_to_drive,cataloged,not_supplied
11JCkmwBz5w_c3O9luUVMT3n1TXRHxpVR,PHTO Al Holding Double-Hung Window Dark Bronze 12014B 12480 RGB.png,Brand Assets/A-TEAM ASSETS/PHTO Al Holding Double-Hung Window Dark Bronze 12014B 12480 RGB.png,brand,1thqDi9H9A47RM9j3W36qZaDRvngEjtPu,https://drive.google.com/file/d/11JCkmwBz5w_c3O9luUVMT3n1TXRHxpVR/view,https://drive.google.com/drive/folders/1thqDi9H9A47RM9j3W36qZaDRvngEjtPu,image,.png,3.5 MB,,,False,False,linked_to_drive,cataloged,not_supplied
1MrvFuTsW59OmzmjcRungC1hSY59yLVK5,PHTO Al Holding Double-Hung Window White 12014A 12480 RGB.jpg,Brand Assets/A-TEAM ASSETS/PHTO Al Holding Double-Hung Window White 12014A 12480 RGB.jpg,brand,1thqDi9H9A47RM9j3W36qZaDRvngEjtPu,https://drive.google.com/file/d/1MrvFuTsW59OmzmjcRungC1hSY59yLVK5/view,https://drive.google.com/drive/folders/1thqDi9H9A47RM9j3W36qZaDRvngEjtPu,image,.jpg,2.7 MB,,,False,False,linked_to_drive,cataloged,not_supplied
1EXSd8BCy8NcHuhEeDMfKTQcTdtV4IK1w,PHTO Al Holding Double-Hung Window White 12014B 12480 RGB 8.03.04 AM.png,Brand Assets/A-TEAM ASSETS/PHTO Al Holding Double-Hung Window White 12014B 12480 RGB 8.03.04 AM.png,brand,1thqDi9H9A47RM9j3W36qZaDRvngEjtPu,https://drive.google.com/file/d/1EXSd8BCy8NcHuhEeDMfKTQcTdtV4IK1w/view,https://drive.google.com/drive/folders/1thqDi9H9A47RM9j3W36qZaDRvngEjtPu,image,.png,1.3 MB,,,False,False,linked_to_drive,cataloged,not_supplied
1wgt6C2lNUTjWyJFjzhk3EuLe6s4DZGMH,PHTO Al Standing Bucket 31007A 12480 RGB.jpg,Brand Assets/A-TEAM ASSETS/PHTO Al Standing Bucket 31007A 12480 RGB.jpg,brand,1thqDi9H9A47RM9j3W36qZaDRvngEjtPu,https://drive.google.com/file/d/1wgt6C2lNUTjWyJFjzhk3EuLe6s4DZGMH/view,https://drive.google.com/drive/folders/1thqDi9H9A47RM9j3W36qZaDRvngEjtPu,image,.jpg,3.8 MB,,,False,False,linked_to_drive,cataloged,not_supplied
1fdcHG7yaxsO2FfNo3wPyyBRCx-nlr9y-,PHTO Al Standing Bucket 31021A 12480 RGB.png,Brand Assets/A-TEAM ASSETS/PHTO Al Standing Bucket 31021A 12480 RGB.png,brand,1thqDi9H9A47RM9j3W36qZaDRvngEjtPu,https://drive.google.com/file/d/1fdcHG7yaxsO2FfNo3wPyyBRCx-nlr9y-/view,https://drive.google.com/drive/folders/1thqDi9H9A47RM9j3W36qZaDRvngEjtPu,image,.png,1 MB,,,False,False,linked_to_drive,cataloged,not_supplied
1AF_hqBKue0hdRD03dspV3rQlC6Uqg80A,PHTO Al Standing Specialty Window Terratone 31021A 12480 RGB.png,Brand Assets/A-TEAM ASSETS/PHTO Al Standing Specialty Window Terratone 31021A 12480 RGB.png,brand,1thqDi9H9A47RM9j3W36qZaDRvngEjtPu,https://drive.google.com/file/d/1AF_hqBKue0hdRD03dspV3rQlC6Uqg80A/view,https://drive.google.com/drive/folders/1thqDi9H9A47RM9j3W36qZaDRvngEjtPu,image,.png,3.2 MB,,,False,False,linked_to_drive,cataloged,not_supplied
1DQ3CRD2yIVl68Kq_xBBSzoekDL9lq4OM,PHTO Al Standing Tools 31007C 12480 RGB.png,Brand Assets/A-TEAM ASSETS/PHTO Al Standing Tools 31007C 12480 RGB.png,brand,1thqDi9H9A47RM9j3W36qZaDRvngEjtPu,https://drive.google.com/file/d/1DQ3CRD2yIVl68Kq_xBBSzoekDL9lq4OM/view,https://drive.google.com/drive/folders/1thqDi9H9A47RM9j3W36qZaDRvngEjtPu,image,.png,883 KB,,,False,False,linked_to_drive,cataloged,not_supplied
1Y1bC8IT6Gj3WJlf_se9QiC3qN4tdkw7W,PHTO Hero Design Consultant 1730A 12480 RGB.png,Brand Assets/A-TEAM ASSETS/PHTO Hero Design Consultant 1730A 12480 RGB.png,brand,1thqDi9H9A47RM9j3W36qZaDRvngEjtPu,https://drive.google.com/file/d/1Y1bC8IT6Gj3WJlf_se9QiC3qN4tdkw7W/view,https://drive.google.com/drive/folders/1thqDi9H9A47RM9j3W36qZaDRvngEjtPu,image,.png,3 MB,,,False,False,linked_to_drive,cataloged,not_supplied
1n7vHlNnPvgAYpnf85vescZIJUAAejIn0,PHTO Hero Design Consultant 2465A 12480 RGB.png,Brand Assets/A-TEAM ASSETS/PHTO Hero Design Consultant 2465A 12480 RGB.png,brand,1thqDi9H9A47RM9j3W36qZaDRvngEjtPu,https://drive.google.com/file/d/1n7vHlNnPvgAYpnf85vescZIJUAAejIn0/view,https://drive.google.com/drive/folders/1thqDi9H9A47RM9j3W36qZaDRvngEjtPu,image,.png,2.2 MB,,,False,False,linked_to_drive,cataloged,not_supplied
1n8XxGY0uBZiNrVOiBpY5UBMet1jThQ7w,PHTO Hero Install Project Manager 1659A 12480 RGB.png,Brand Assets/A-TEAM ASSETS/PHTO Hero Install Project Manager 1659A 12480 RGB.png,brand,1thqDi9H9A47RM9j3W36qZaDRvngEjtPu,https://drive.google.com/file/d/1n8XxGY0uBZiNrVOiBpY5UBMet1jThQ7w/view,https://drive.google.com/drive/folders/1thqDi9H9A47RM9j3W36qZaDRvngEjtPu,image,.png,18.5 MB,,,False,False,linked_to_drive,cataloged,not_supplied
1ffxuhIBtmEU9Wx-N-756pVE6ursuO4WY,PHTO Hero Install Project Manager 2219C 12480 RGB 2.png,Brand Assets/A-TEAM ASSETS/PHTO Hero Install Project Manager 2219C 12480 RGB 2.png,brand,1thqDi9H9A47RM9j3W36qZaDRvngEjtPu,https://drive.google.com/file/d/1ffxuhIBtmEU9Wx-N-756pVE6ursuO4WY/view,https://drive.google.com/drive/folders/1thqDi9H9A47RM9j3W36qZaDRvngEjtPu,image,.png,8.2 MB,,,False,False,linked_to_drive,cataloged,not_supplied
1NREf_gPOMEdgOaqK7shpafx4aQHUjIMV,PHTO Installer Hero 494A 12494 RGB (1).png,Brand Assets/A-TEAM ASSETS/PHTO Installer Hero 494A 12494 RGB (1).png,brand,1thqDi9H9A47RM9j3W36qZaDRvngEjtPu,https://drive.google.com/file/d/1NREf_gPOMEdgOaqK7shpafx4aQHUjIMV/view,https://drive.google.com/drive/folders/1thqDi9H9A47RM9j3W36qZaDRvngEjtPu,image,.png,2.4 MB,,,False,False,linked_to_drive,cataloged,not_supplied
1tHbDiurhn6tw5O0eMN-tkpN3X7fw4_nh,PHTO Beauty Winslow Exterior 13502 55A.jpg,Brand Assets/BEAUTY SHOTS/PHTO Beauty Winslow Exterior 13502 55A.jpg,brand,12kLqDSsWDh3dWpTxeKAngtKi8zzHr0z8,https://drive.google.com/file/d/1tHbDiurhn6tw5O0eMN-tkpN3X7fw4_nh/view,https://drive.google.com/drive/folders/12kLqDSsWDh3dWpTxeKAngtKi8zzHr0z8,image,.jpg,8.3 MB,,,False,False,linked_to_drive,cataloged,not_supplied
1S77bF3KWWCGIK8fcyatSEYpYa-5mvaOF,PHTO Lifestyle Exterior 12181 5406A (1).png,Brand Assets/BEAUTY SHOTS/PHTO Lifestyle Exterior 12181 5406A (1).png,brand,12kLqDSsWDh3dWpTxeKAngtKi8zzHr0z8,https://drive.google.com/file/d/1S77bF3KWWCGIK8fcyatSEYpYa-5mvaOF/view,https://drive.google.com/drive/folders/12kLqDSsWDh3dWpTxeKAngtKi8zzHr0z8,image,.png,937 KB,,,False,False,linked_to_drive,cataloged,not_supplied
1gNqA0F-zNMtMarDT8nIv7TpjoG4SpXuy,14247 Asset Card Designer Highlights Breegan Jane 1.jpg,Brand Assets/Ensemble Entry Doors/14247 Asset Card Designer Highlights Breegan Jane 1.jpg,brand,17Zrdyd5ww63FsnVvtdMB0yj4SB_KrdKr,https://drive.google.com/file/d/1gNqA0F-zNMtMarDT8nIv7TpjoG4SpXuy/view,https://drive.google.com/drive/folders/17Zrdyd5ww63FsnVvtdMB0yj4SB_KrdKr,image,.jpg,339 KB,,,False,False,linked_to_drive,cataloged,not_supplied
1qlpaQjRfR4Z9zIfLymDFKtZyxLxd1jRp,14247 Asset Card Designer Highlights Laurie March 1.jpg,Brand Assets/Ensemble Entry Doors/14247 Asset Card Designer Highlights Laurie March 1.jpg,brand,17Zrdyd5ww63FsnVvtdMB0yj4SB_KrdKr,https://drive.google.com/file/d/1qlpaQjRfR4Z9zIfLymDFKtZyxLxd1jRp/view,https://drive.google.com/drive/folders/17Zrdyd5ww63FsnVvtdMB0yj4SB_KrdKr,image,.jpg,474 KB,,,False,False,linked_to_drive,cataloged,not_supplied
1FpRS7ZWBKW0BOvNn5XMZ9pjXWSlFSQfa,ensemble entry 2.png,Brand Assets/Ensemble Entry Doors/ensemble entry 2.png,brand,17Zrdyd5ww63FsnVvtdMB0yj4SB_KrdKr,https://drive.google.com/file/d/1FpRS7ZWBKW0BOvNn5XMZ9pjXWSlFSQfa/view,https://drive.google.com/drive/folders/17Zrdyd5ww63FsnVvtdMB0yj4SB_KrdKr,image,.png,6.5 MB,,,False,False,linked_to_drive,cataloged,not_supplied
1lIaj49Tz6rrLug0A38s9uiGcJFiYQhz9,Entance_door_V1 (1).jpg,Brand Assets/Ensemble Entry Doors/Entance_door_V1 (1).jpg,brand,17Zrdyd5ww63FsnVvtdMB0yj4SB_KrdKr,https://drive.google.com/file/d/1lIaj49Tz6rrLug0A38s9uiGcJFiYQhz9/view,https://drive.google.com/drive/folders/17Zrdyd5ww63FsnVvtdMB0yj4SB_KrdKr,image,.jpg,4.5 MB,,,False,False,linked_to_drive,cataloged,not_supplied
1STE88FY7YVZnSJcIH3bj79_G5_2I1X3x,Entry door 1.png,Brand Assets/Ensemble Entry Doors/Entry door 1.png,brand,17Zrdyd5ww63FsnVvtdMB0yj4SB_KrdKr,https://drive.google.com/file/d/1STE88FY7YVZnSJcIH3bj79_G5_2I1X3x/view,https://drive.google.com/drive/folders/17Zrdyd5ww63FsnVvtdMB0yj4SB_KrdKr,image,.png,21.7 MB,,,False,False,linked_to_drive,cataloged,not_supplied
1rwgtgVXtPDx9pCZxcVzFm65Jcsqvg3HQ,Entry door 2.png,Brand Assets/Ensemble Entry Doors/Entry door 2.png,brand,17Zrdyd5ww63FsnVvtdMB0yj4SB_KrdKr,https://drive.google.com/file/d/1rwgtgVXtPDx9pCZxcVzFm65Jcsqvg3HQ/view,https://drive.google.com/drive/folders/17Zrdyd5ww63FsnVvtdMB0yj4SB_KrdKr,image,.png,5 MB,,,False,False,linked_to_drive,cataloged,not_supplied
1nqqQ6aj9YrFvbpqBOBpfL1qUkeZb5ed5,PHTO A-Team Concierge 2021 161A 12679 RGB.png,Brand Assets/Ensemble Entry Doors/Entry Doors/A-Team/PHTO A-Team Concierge 2021 161A 12679 RGB.png,brand,12tP1FH1Ar928IS6ee89mEFlhdc0I3LYW,https://drive.google.com/file/d/1nqqQ6aj9YrFvbpqBOBpfL1qUkeZb5ed5/view,https://drive.google.com/drive/folders/12tP1FH1Ar928IS6ee89mEFlhdc0I3LYW,image,.png,7.6 MB,,,False,False,linked_to_drive,cataloged,not_supplied
1oEyiLpLJRoosZs-vLxoNNVHdL5wAW73N,PHTO A-Team Design Consultant 2021 354A 12679 RGB (1).png,Brand Assets/Ensemble Entry Doors/Entry Doors/A-Team/PHTO A-Team Design Consultant 2021 354A 12679 RGB (1).png,brand,12tP1FH1Ar928IS6ee89mEFlhdc0I3LYW,https://drive.google.com/file/d/1oEyiLpLJRoosZs-vLxoNNVHdL5wAW73N/view,https://drive.google.com/drive/folders/12tP1FH1Ar928IS6ee89mEFlhdc0I3LYW,image,.png,7.1 MB,,,False,False,linked_to_drive,cataloged,not_supplied
1mObqMoSbdYAjmcyXMlsJ2h_fCNfVIkOr,PHTO A-Team Service Tech 2021 119A 12679 RGB.png,Brand Assets/Ensemble Entry Doors/Entry Doors/A-Team/PHTO A-Team Service Tech 2021 119A 12679 RGB.png,brand,12tP1FH1Ar928IS6ee89mEFlhdc0I3LYW,https://drive.google.com/file/d/1mObqMoSbdYAjmcyXMlsJ2h_fCNfVIkOr/view,https://drive.google.com/drive/folders/12tP1FH1Ar928IS6ee89mEFlhdc0I3LYW,image,.png,7.2 MB,,,False,False,linked_to_drive,cataloged,not_supplied
1tGc7kEMJ8ViwEMYIv33-xEL4SGuU48dT,PHTO Al Standing Tools 31007C 12480 RGB.png,Brand Assets/Ensemble Entry Doors/Entry Doors/A-Team/PHTO Al Standing Tools 31007C 12480 RGB.png,brand,12tP1FH1Ar928IS6ee89mEFlhdc0I3LYW,https://drive.google.com/file/d/1tGc7kEMJ8ViwEMYIv33-xEL4SGuU48dT/view,https://drive.google.com/drive/folders/12tP1FH1Ar928IS6ee89mEFlhdc0I3LYW,image,.png,883 KB,,,False,False,linked_to_drive,cataloged,not_supplied
1e3-ORQl17-hLT1bTNdor4KXGEfZS-_nR,PHTO Hero Design Consultant 2465A 12480 RGB.png,Brand Assets/Ensemble Entry Doors/Entry Doors/A-Team/PHTO Hero Design Consultant 2465A 12480 RGB.png,brand,12tP1FH1Ar928IS6ee89mEFlhdc0I3LYW,https://drive.google.com/file/d/1e3-ORQl17-hLT1bTNdor4KXGEfZS-_nR/view,https://drive.google.com/drive/folders/12tP1FH1Ar928IS6ee89mEFlhdc0I3LYW,image,.png,2.2 MB,,,False,False,linked_to_drive,cataloged,not_supplied
1-Fxr2FzEkGOwYt9CI4zv7M8mVbHABjNh,PHTO Installer Hero 494A 12494 RGB (1).png,Brand Assets/Ensemble Entry Doors/Entry Doors/A-Team/PHTO Installer Hero 494A 12494 RGB (1).png,brand,12tP1FH1Ar928IS6ee89mEFlhdc0I3LYW,https://drive.google.com/file/d/1-Fxr2FzEkGOwYt9CI4zv7M8mVbHABjNh/view,https://drive.google.com/drive/folders/12tP1FH1Ar928IS6ee89mEFlhdc0I3LYW,image,.png,2.4 MB,,,False,False,linked_to_drive,cataloged,not_supplied
1wk7NZIyqpmkoCCZTtu-R0pIoJRUW4Z9L,Ensemble Multi-Point Lock.mov,Brand Assets/Ensemble Entry Doors/Entry Doors/Ensemble Multi-Point Lock.mov,brand,1SKQZoGZQcBdYL_oVlzEY3fQwdnj9GTcA,https://drive.google.com/file/d/1wk7NZIyqpmkoCCZTtu-R0pIoJRUW4Z9L/view,https://drive.google.com/drive/folders/1SKQZoGZQcBdYL_oVlzEY3fQwdnj9GTcA,video,.mov,1.38 GB,,,False,False,linked_to_drive,cataloged,not_supplied
1pFMwBI2nPaknMq9kFd8ul_pbM8k7V1XP,Ensemble Entry Door Logo_Black_Renwal by Andersen Replacement Entry Doors Replacement Doors Front Door Repair Near me.png,Brand Assets/Ensemble Entry Doors/Entry Doors/Ensemble™ Logos/Ensemble Entry Door Logo_Black_Renwal by Andersen Replacement Entry Doors Replacement Doors Front Door Repair Near me.png,brand,1k5w_rgZy3noMlODEHYWH9QbAR_0MxUIx,https://drive.google.com/file/d/1pFMwBI2nPaknMq9kFd8ul_pbM8k7V1XP/view,https://drive.google.com/drive/folders/1k5w_rgZy3noMlODEHYWH9QbAR_0MxUIx,image,.png,43 KB,,,False,False,linked_to_drive,cataloged,not_supplied
1awLBmAiYNlrhcF6_-_zm5jeKSdeSHob0,Ensemble Entry Door Logo_White_Renwal by Andersen Replacement Entry Doors Replacement Doors Front Door Repair Near me.png,Brand Assets/Ensemble Entry Doors/Entry Doors/Ensemble™ Logos/Ensemble Entry Door Logo_White_Renwal by Andersen Replacement Entry Doors Replacement Doors Front Door Repair Near me.png,brand,1k5w_rgZy3noMlODEHYWH9QbAR_0MxUIx,https://drive.google.com/file/d/1awLBmAiYNlrhcF6_-_zm5jeKSdeSHob0/view,https://drive.google.com/drive/folders/1k5w_rgZy3noMlODEHYWH9QbAR_0MxUIx,image,.png,40 KB,,,False,False,linked_to_drive,cataloged,not_supplied
1c35lnJsBULspgsvBaZBBfjr5ezKTANJR,CLM JD Power CA 1 Pos H 2022 13159 CMYK.psd,Brand Assets/Ensemble Entry Doors/Entry Doors/LOGOS/CLM JD Power CA 1 Pos H 2022 13159 CMYK.psd,brand,1pFwoQqNZ8rHbVw3sh83gYyC9weJHubfn,https://drive.google.com/file/d/1c35lnJsBULspgsvBaZBBfjr5ezKTANJR/view,https://drive.google.com/drive/folders/1pFwoQqNZ8rHbVw3sh83gYyC9weJHubfn,layered image,.psd,1.9 MB,,,False,False,linked_to_drive,cataloged,not_supplied
1eJp2vj7kk-acsacX8veEYlVO-bdhi5zt,CLM JD Power US 1 3YR Pos H 2022 13159 CMYK.jpg,Brand Assets/Ensemble Entry Doors/Entry Doors/LOGOS/CLM JD Power US 1 3YR Pos H 2022 13159 CMYK.jpg,brand,1pFwoQqNZ8rHbVw3sh83gYyC9weJHubfn,https://drive.google.com/file/d/1eJp2vj7kk-acsacX8veEYlVO-bdhi5zt/view,https://drive.google.com/drive/folders/1pFwoQqNZ8rHbVw3sh83gYyC9weJHubfn,image,.jpg,343 KB,,,False,False,linked_to_drive,cataloged,not_supplied
1bbnEmdxKkWCjjpapWGsqxdWtFSXFhu-8,CLM JD Power US 1 3YR Pos H 2022 13159 RGB.psd,Brand Assets/Ensemble Entry Doors/Entry Doors/LOGOS/CLM JD Power US 1 3YR Pos H 2022 13159 RGB.psd,brand,1pFwoQqNZ8rHbVw3sh83gYyC9weJHubfn,https://drive.google.com/file/d/1bbnEmdxKkWCjjpapWGsqxdWtFSXFhu-8/view,https://drive.google.com/drive/folders/1pFwoQqNZ8rHbVw3sh83gYyC9weJHubfn,layered image,.psd,2.9 MB,,,False,False,linked_to_drive,cataloged,not_supplied
1FHIC4DYOowWEV8nhaf5sTnqJaQFTYDyj,CLM JD Power US 1 3YR Pos V 2022 13159 CMYK.jpg,Brand Assets/Ensemble Entry Doors/Entry Doors/LOGOS/CLM JD Power US 1 3YR Pos V 2022 13159 CMYK.jpg,brand,1pFwoQqNZ8rHbVw3sh83gYyC9weJHubfn,https://drive.google.com/file/d/1FHIC4DYOowWEV8nhaf5sTnqJaQFTYDyj/view,https://drive.google.com/drive/folders/1pFwoQqNZ8rHbVw3sh83gYyC9weJHubfn,image,.jpg,394 KB,,,False,False,linked_to_drive,cataloged,not_supplied
16sCoRfwz4UTkYbwMUH5Gs7N_SlfIIBel,ILLO Heroes Delta Formation 12479 RGB.ai,Brand Assets/Ensemble Entry Doors/Entry Doors/LOGOS/ILLO Heroes Delta Formation 12479 RGB.ai,brand,1pFwoQqNZ8rHbVw3sh83gYyC9weJHubfn,https://drive.google.com/file/d/16sCoRfwz4UTkYbwMUH5Gs7N_SlfIIBel/view,https://drive.google.com/drive/folders/1pFwoQqNZ8rHbVw3sh83gYyC9weJHubfn,vector,.ai,659 KB,,,False,False,linked_to_drive,cataloged,not_supplied
1h_oKC82Zgz2UiWzXZxDYSu4B0vGaKj7K,LOGO BBB Accredited Business Vert K (1).ai,Brand Assets/Ensemble Entry Doors/Entry Doors/LOGOS/LOGO BBB Accredited Business Vert K (1).ai,brand,1pFwoQqNZ8rHbVw3sh83gYyC9weJHubfn,https://drive.google.com/file/d/1h_oKC82Zgz2UiWzXZxDYSu4B0vGaKj7K/view,https://drive.google.com/drive/folders/1pFwoQqNZ8rHbVw3sh83gYyC9weJHubfn,vector,.ai,1 MB,,,False,False,linked_to_drive,cataloged,not_supplied
1xkhBX_59HZZkzEyArJvDV35PtyrifOAv,LOGO Certifed Master Installer Horizontal CMYK.ai,Brand Assets/Ensemble Entry Doors/Entry Doors/LOGOS/LOGO Certifed Master Installer Horizontal CMYK.ai,brand,1pFwoQqNZ8rHbVw3sh83gYyC9weJHubfn,https://drive.google.com/file/d/1xkhBX_59HZZkzEyArJvDV35PtyrifOAv/view,https://drive.google.com/drive/folders/1pFwoQqNZ8rHbVw3sh83gYyC9weJHubfn,vector,.ai,1.2 MB,,,False,False,linked_to_drive,cataloged,not_supplied
1cFfYHda3D8gL2qIMa0eiTwSoGhYhWpMH,LOGO Energy Star Ask About K (1).ai,Brand Assets/Ensemble Entry Doors/Entry Doors/LOGOS/LOGO Energy Star Ask About K (1).ai,brand,1pFwoQqNZ8rHbVw3sh83gYyC9weJHubfn,https://drive.google.com/file/d/1cFfYHda3D8gL2qIMa0eiTwSoGhYhWpMH/view,https://drive.google.com/drive/folders/1pFwoQqNZ8rHbVw3sh83gYyC9weJHubfn,vector,.ai,990 KB,,,False,False,linked_to_drive,cataloged,not_supplied
1MOIsHWZQYww2aSHTgQ688AqAOs0DkUDi,LOGO Energy Star Partner Sustained Excellence 2022 RGB.ai,Brand Assets/Ensemble Entry Doors/Entry Doors/LOGOS/LOGO Energy Star Partner Sustained Excellence 2022 RGB.ai,brand,1pFwoQqNZ8rHbVw3sh83gYyC9weJHubfn,https://drive.google.com/file/d/1MOIsHWZQYww2aSHTgQ688AqAOs0DkUDi/view,https://drive.google.com/drive/folders/1pFwoQqNZ8rHbVw3sh83gYyC9weJHubfn,vector,.ai,302 KB,,,False,False,linked_to_drive,cataloged,not_supplied
1RgWwzZXN4GYHr9Wt01AzwJByw72QH1Ca,LOGO Fibrex Material K.ai,Brand Assets/Ensemble Entry Doors/Entry Doors/LOGOS/LOGO Fibrex Material K.ai,brand,1pFwoQqNZ8rHbVw3sh83gYyC9weJHubfn,https://drive.google.com/file/d/1RgWwzZXN4GYHr9Wt01AzwJByw72QH1Ca/view,https://drive.google.com/drive/folders/1pFwoQqNZ8rHbVw3sh83gYyC9weJHubfn,vector,.ai,899 KB,,,False,False,linked_to_drive,cataloged,not_supplied
1e8JPhdGH8OXAhyUD2Mw8u0NSSE2Kvc2y,LOGO Fibrex Material Vastly Superior Supporting Endures Heat K.ai,Brand Assets/Ensemble Entry Doors/Entry Doors/LOGOS/LOGO Fibrex Material Vastly Superior Supporting Endures Heat K.ai,brand,1pFwoQqNZ8rHbVw3sh83gYyC9weJHubfn,https://drive.google.com/file/d/1e8JPhdGH8OXAhyUD2Mw8u0NSSE2Kvc2y/view,https://drive.google.com/drive/folders/1pFwoQqNZ8rHbVw3sh83gYyC9weJHubfn,vector,.ai,1.1 MB,,,False,False,linked_to_drive,cataloged,not_supplied
1HEDZp4GGhxgckNCKNPBCAOPtTsQT1dLM,LOGO Fibrex Material Vastly Superior Supporting Scratch Resistance K.ai,Brand Assets/Ensemble Entry Doors/Entry Doors/LOGOS/LOGO Fibrex Material Vastly Superior Supporting Scratch Resistance K.ai,brand,1pFwoQqNZ8rHbVw3sh83gYyC9weJHubfn,https://drive.google.com/file/d/1HEDZp4GGhxgckNCKNPBCAOPtTsQT1dLM/view,https://drive.google.com/drive/folders/1pFwoQqNZ8rHbVw3sh83gYyC9weJHubfn,vector,.ai,1.1 MB,,,False,False,linked_to_drive,cataloged,not_supplied
1eEKOSh3NZfCp7hIo_3iManmMjfCI1jVx,LOGO RbA Cares Horizontal 3C.ai,Brand Assets/Ensemble Entry Doors/Entry Doors/LOGOS/LOGO RbA Cares Horizontal 3C.ai,brand,1pFwoQqNZ8rHbVw3sh83gYyC9weJHubfn,https://drive.google.com/file/d/1eEKOSh3NZfCp7hIo_3iManmMjfCI1jVx/view,https://drive.google.com/drive/folders/1pFwoQqNZ8rHbVw3sh83gYyC9weJHubfn,vector,.ai,1.2 MB,,,False,False,linked_to_drive,cataloged,not_supplied
1L7Oy5CQGSuWJaZUkDgryHzTONvGzRpXl,LOGO RbA Horizontal Shield Embroidery 3-5 Wide 3C 2.ai,Brand Assets/Ensemble Entry Doors/Entry Doors/LOGOS/LOGO RbA Horizontal Shield Embroidery 3-5 Wide 3C 2.ai,brand,1pFwoQqNZ8rHbVw3sh83gYyC9weJHubfn,https://drive.google.com/file/d/1L7Oy5CQGSuWJaZUkDgryHzTONvGzRpXl/view,https://drive.google.com/drive/folders/1pFwoQqNZ8rHbVw3sh83gYyC9weJHubfn,vector,.ai,1.1 MB,,,False,False,linked_to_drive,cataloged,not_supplied
1fmebNXrJjD4SNkRKnydo7qSF8w_Xc39-,LOGO RbA Horizontal Shield Embroidery 3-5 Wide 3C.ai,Brand Assets/Ensemble Entry Doors/Entry Doors/LOGOS/LOGO RbA Horizontal Shield Embroidery 3-5 Wide 3C.ai,brand,1pFwoQqNZ8rHbVw3sh83gYyC9weJHubfn,https://drive.google.com/file/d/1fmebNXrJjD4SNkRKnydo7qSF8w_Xc39-/view,https://drive.google.com/drive/folders/1pFwoQqNZ8rHbVw3sh83gYyC9weJHubfn,vector,.ai,1.1 MB,,,False,False,linked_to_drive,cataloged,not_supplied
1unWixmgJTm1tYwvFwn18TdhcpjJwVUCK,LOGO Signature Service Primary Reverse CMYK.ai,Brand Assets/Ensemble Entry Doors/Entry Doors/LOGOS/LOGO Signature Service Primary Reverse CMYK.ai,brand,1pFwoQqNZ8rHbVw3sh83gYyC9weJHubfn,https://drive.google.com/file/d/1unWixmgJTm1tYwvFwn18TdhcpjJwVUCK/view,https://drive.google.com/drive/folders/1pFwoQqNZ8rHbVw3sh83gYyC9weJHubfn,vector,.ai,1.3 MB,,,False,False,linked_to_drive,cataloged,not_supplied
1GGjyyLHhMkfEDv0vZU1Z46E8XJorgoVq,LOGO Signature Service Secondary 2C 2.ai,Brand Assets/Ensemble Entry Doors/Entry Doors/LOGOS/LOGO Signature Service Secondary 2C 2.ai,brand,1pFwoQqNZ8rHbVw3sh83gYyC9weJHubfn,https://drive.google.com/file/d/1GGjyyLHhMkfEDv0vZU1Z46E8XJorgoVq/view,https://drive.google.com/drive/folders/1pFwoQqNZ8rHbVw3sh83gYyC9weJHubfn,vector,.ai,1.3 MB,,,False,False,linked_to_drive,cataloged,not_supplied
1HeZDAohWWVgiO0mcVDhdra69cFTHQ33g,LOGO Signature Service Secondary 2C.ai,Brand Assets/Ensemble Entry Doors/Entry Doors/LOGOS/LOGO Signature Service Secondary 2C.ai,brand,1pFwoQqNZ8rHbVw3sh83gYyC9weJHubfn,https://drive.google.com/file/d/1HeZDAohWWVgiO0mcVDhdra69cFTHQ33g/view,https://drive.google.com/drive/folders/1pFwoQqNZ8rHbVw3sh83gYyC9weJHubfn,vector,.ai,1.3 MB,,,False,False,linked_to_drive,cataloged,not_supplied
1Yx7B85y4L7JYFa0gFFWGgUfBrsOISd2Z,LOGO Warranty Nations Best CMYK.ai,Brand Assets/Ensemble Entry Doors/Entry Doors/LOGOS/LOGO Warranty Nations Best CMYK.ai,brand,1pFwoQqNZ8rHbVw3sh83gYyC9weJHubfn,https://drive.google.com/file/d/1Yx7B85y4L7JYFa0gFFWGgUfBrsOISd2Z/view,https://drive.google.com/drive/folders/1pFwoQqNZ8rHbVw3sh83gYyC9weJHubfn,vector,.ai,"1,015 KB",,,False,False,linked_to_drive,cataloged,not_supplied
1PExOMrqqNQRAbC3lLJT0m2ndleJJFtog,horizontal logo_black CMYK.ai,Brand Assets/Ensemble Entry Doors/Entry Doors/LOGOS/NEW RbA Logo/horizontal logo_black CMYK.ai,brand,1iHXVIiARRMCtfbs3GqTYr6vufv4Ct6g7,https://drive.google.com/file/d/1PExOMrqqNQRAbC3lLJT0m2ndleJJFtog/view,https://drive.google.com/drive/folders/1iHXVIiARRMCtfbs3GqTYr6vufv4Ct6g7,vector,.ai,1.1 MB,,,False,False,linked_to_drive,cataloged,not_supplied
16_JpESvF7gP2PlcjiOHJZbYnS5TtP4IL,horizontal logo_black RGB.ai,Brand Assets/Ensemble Entry Doors/Entry Doors/LOGOS/NEW RbA Logo/horizontal logo_black RGB.ai,brand,1iHXVIiARRMCtfbs3GqTYr6vufv4Ct6g7,https://drive.google.com/file/d/16_JpESvF7gP2PlcjiOHJZbYnS5TtP4IL/view,https://drive.google.com/drive/folders/1iHXVIiARRMCtfbs3GqTYr6vufv4Ct6g7,vector,.ai,280 KB,,,False,False,linked_to_drive,cataloged,not_supplied
1J5_kgjmQe_N68R8f0GrL1AiLoV26s69C,horizontal logo_white CMYK.ai,Brand Assets/Ensemble Entry Doors/Entry Doors/LOGOS/NEW RbA Logo/horizontal logo_white CMYK.ai,brand,1iHXVIiARRMCtfbs3GqTYr6vufv4Ct6g7,https://drive.google.com/file/d/1J5_kgjmQe_N68R8f0GrL1AiLoV26s69C/view,https://drive.google.com/drive/folders/1iHXVIiARRMCtfbs3GqTYr6vufv4Ct6g7,vector,.ai,1.1 MB,,,False,False,linked_to_drive,cataloged,not_supplied
10QUVCSLUUtys_5ipq0i4px_673x5frqS,horizontal logo_white RGB.ai,Brand Assets/Ensemble Entry Doors/Entry Doors/LOGOS/NEW RbA Logo/horizontal logo_white RGB.ai,brand,1iHXVIiARRMCtfbs3GqTYr6vufv4Ct6g7,https://drive.google.com/file/d/10QUVCSLUUtys_5ipq0i4px_673x5frqS/view,https://drive.google.com/drive/folders/1iHXVIiARRMCtfbs3GqTYr6vufv4Ct6g7,vector,.ai,271 KB,,,False,False,linked_to_drive,cataloged,not_supplied
1dbAzr48VZ1qcTE3hPKySkrc324nPdqAv,LOGO RbA Tagline Horizontal 1C.ai,Brand Assets/Ensemble Entry Doors/Entry Doors/LOGOS/NEW RbA Logo/LOGO RbA Tagline Horizontal 1C.ai,brand,1iHXVIiARRMCtfbs3GqTYr6vufv4Ct6g7,https://drive.google.com/file/d/1dbAzr48VZ1qcTE3hPKySkrc324nPdqAv/view,https://drive.google.com/drive/folders/1iHXVIiARRMCtfbs3GqTYr6vufv4Ct6g7,vector,.ai,1.1 MB,,,False,False,linked_to_drive,cataloged,not_supplied
1-jjVCjnwQbAWYa9uiDEbxCg2zNR_UB9_,LOGO RbA Tagline Horizontal 2C.ai,Brand Assets/Ensemble Entry Doors/Entry Doors/LOGOS/NEW RbA Logo/LOGO RbA Tagline Horizontal 2C.ai,brand,1iHXVIiARRMCtfbs3GqTYr6vufv4Ct6g7,https://drive.google.com/file/d/1-jjVCjnwQbAWYa9uiDEbxCg2zNR_UB9_/view,https://drive.google.com/drive/folders/1iHXVIiARRMCtfbs3GqTYr6vufv4Ct6g7,vector,.ai,1.1 MB,,,False,False,linked_to_drive,cataloged,not_supplied
1KX5cmQ0C8x0LPUO0cYZkc7ZTeGaUOOnv,LOGO RbA Tagline Horizontal 3C.ai,Brand Assets/Ensemble Entry Doors/Entry Doors/LOGOS/NEW RbA Logo/LOGO RbA Tagline Horizontal 3C.ai,brand,1iHXVIiARRMCtfbs3GqTYr6vufv4Ct6g7,https://drive.google.com/file/d/1KX5cmQ0C8x0LPUO0cYZkc7ZTeGaUOOnv/view,https://drive.google.com/drive/folders/1iHXVIiARRMCtfbs3GqTYr6vufv4Ct6g7,vector,.ai,1.1 MB,,,False,False,linked_to_drive,cataloged,not_supplied
1dxD1BHNpZ_eoPfaPG8IgWhHdCvxbuaW5,LOGO RbA Tagline Horizontal K.ai,Brand Assets/Ensemble Entry Doors/Entry Doors/LOGOS/NEW RbA Logo/LOGO RbA Tagline Horizontal K.ai,brand,1iHXVIiARRMCtfbs3GqTYr6vufv4Ct6g7,https://drive.google.com/file/d/1dxD1BHNpZ_eoPfaPG8IgWhHdCvxbuaW5/view,https://drive.google.com/drive/folders/1iHXVIiARRMCtfbs3GqTYr6vufv4Ct6g7,vector,.ai,1.1 MB,,,False,False,linked_to_drive,cataloged,not_supplied
1Ob4hSeY0WgAwrvoTdyUtgt3_Zb3hVcnM,LOGO RbA Tagline Horizontal Reverse CMYK.ai,Brand Assets/Ensemble Entry Doors/Entry Doors/LOGOS/NEW RbA Logo/LOGO RbA Tagline Horizontal Reverse CMYK.ai,brand,1iHXVIiARRMCtfbs3GqTYr6vufv4Ct6g7,https://drive.google.com/file/d/1Ob4hSeY0WgAwrvoTdyUtgt3_Zb3hVcnM/view,https://drive.google.com/drive/folders/1iHXVIiARRMCtfbs3GqTYr6vufv4Ct6g7,vector,.ai,1.1 MB,,,False,False,linked_to_drive,cataloged,not_supplied
1VRkqmdnpLrIAah6rxUMOzeCQ8d4-rYNO,LOGO RbA Tagline Horizontal Reverse RGB.ai,Brand Assets/Ensemble Entry Doors/Entry Doors/LOGOS/NEW RbA Logo/LOGO RbA Tagline Horizontal Reverse RGB.ai,brand,1iHXVIiARRMCtfbs3GqTYr6vufv4Ct6g7,https://drive.google.com/file/d/1VRkqmdnpLrIAah6rxUMOzeCQ8d4-rYNO/view,https://drive.google.com/drive/folders/1iHXVIiARRMCtfbs3GqTYr6vufv4Ct6g7,vector,.ai,272 KB,,,False,False,linked_to_drive,cataloged,not_supplied
1wo_12hVx0MZIV32_VfZUOkcRm0zW8ri3,LOGO RbA Tagline Vertical 1C.ai,Brand Assets/Ensemble Entry Doors/Entry Doors/LOGOS/NEW RbA Logo/LOGO RbA Tagline Vertical 1C.ai,brand,1iHXVIiARRMCtfbs3GqTYr6vufv4Ct6g7,https://drive.google.com/file/d/1wo_12hVx0MZIV32_VfZUOkcRm0zW8ri3/view,https://drive.google.com/drive/folders/1iHXVIiARRMCtfbs3GqTYr6vufv4Ct6g7,vector,.ai,285 KB,,,False,False,linked_to_drive,cataloged,not_supplied
1XqRTuis1fAz9fBNEKj8B3WyaZcptdBWY,LOGO RbA Tagline Vertical 2C.ai,Brand Assets/Ensemble Entry Doors/Entry Doors/LOGOS/NEW RbA Logo/LOGO RbA Tagline Vertical 2C.ai,brand,1iHXVIiARRMCtfbs3GqTYr6vufv4Ct6g7,https://drive.google.com/file/d/1XqRTuis1fAz9fBNEKj8B3WyaZcptdBWY/view,https://drive.google.com/drive/folders/1iHXVIiARRMCtfbs3GqTYr6vufv4Ct6g7,vector,.ai,284 KB,,,False,False,linked_to_drive,cataloged,not_supplied
1lVAQ5Tm3CcoPViVSLcfNOEo0xAC-Hx6H,LOGO RbA Tagline Vertical 3C.ai,Brand Assets/Ensemble Entry Doors/Entry Doors/LOGOS/NEW RbA Logo/LOGO RbA Tagline Vertical 3C.ai,brand,1iHXVIiARRMCtfbs3GqTYr6vufv4Ct6g7,https://drive.google.com/file/d/1lVAQ5Tm3CcoPViVSLcfNOEo0xAC-Hx6H/view,https://drive.google.com/drive/folders/1iHXVIiARRMCtfbs3GqTYr6vufv4Ct6g7,vector,.ai,289 KB,,,False,False,linked_to_drive,cataloged,not_supplied
17z_GKwUkejayIHfvLj0sqxh9eHyDYqCZ,LOGO RbA Tagline Vertical K.ai,Brand Assets/Ensemble Entry Doors/Entry Doors/LOGOS/NEW RbA Logo/LOGO RbA Tagline Vertical K.ai,brand,1iHXVIiARRMCtfbs3GqTYr6vufv4Ct6g7,https://drive.google.com/file/d/17z_GKwUkejayIHfvLj0sqxh9eHyDYqCZ/view,https://drive.google.com/drive/folders/1iHXVIiARRMCtfbs3GqTYr6vufv4Ct6g7,vector,.ai,287 KB,,,False,False,linked_to_drive,cataloged,not_supplied
19lJls_Ep1a65nAjHMe7yAC1lGHDuok4I,portrait logo_black CMYK.ai,Brand Assets/Ensemble Entry Doors/Entry Doors/LOGOS/NEW RbA Logo/portrait logo_black CMYK.ai,brand,1iHXVIiARRMCtfbs3GqTYr6vufv4Ct6g7,https://drive.google.com/file/d/19lJls_Ep1a65nAjHMe7yAC1lGHDuok4I/view,https://drive.google.com/drive/folders/1iHXVIiARRMCtfbs3GqTYr6vufv4Ct6g7,vector,.ai,289 KB,,,False,False,linked_to_drive,cataloged,not_supplied
1mHbstJCozq-xaMMGmsuivlXMNh9RgRSF,portrait logo_black RGB.ai,Brand Assets/Ensemble Entry Doors/Entry Doors/LOGOS/NEW RbA Logo/portrait logo_black RGB.ai,brand,1iHXVIiARRMCtfbs3GqTYr6vufv4Ct6g7,https://drive.google.com/file/d/1mHbstJCozq-xaMMGmsuivlXMNh9RgRSF/view,https://drive.google.com/drive/folders/1iHXVIiARRMCtfbs3GqTYr6vufv4Ct6g7,vector,.ai,281 KB,,,False,False,linked_to_drive,cataloged,not_supplied
1p0gkNSx_IAiFJfyBuGrzAFrTNBXWa9ez,portrait logo_white CMYK.ai,Brand Assets/Ensemble Entry Doors/Entry Doors/LOGOS/NEW RbA Logo/portrait logo_white CMYK.ai,brand,1iHXVIiARRMCtfbs3GqTYr6vufv4Ct6g7,https://drive.google.com/file/d/1p0gkNSx_IAiFJfyBuGrzAFrTNBXWa9ez/view,https://drive.google.com/drive/folders/1iHXVIiARRMCtfbs3GqTYr6vufv4Ct6g7,vector,.ai,270 KB,,,False,False,linked_to_drive,cataloged,not_supplied
159pePr9nALiFIhEwwDDaUOGYJnMC7ylY,portrait logo_white RGB.ai,Brand Assets/Ensemble Entry Doors/Entry Doors/LOGOS/NEW RbA Logo/portrait logo_white RGB.ai,brand,1iHXVIiARRMCtfbs3GqTYr6vufv4Ct6g7,https://drive.google.com/file/d/159pePr9nALiFIhEwwDDaUOGYJnMC7ylY/view,https://drive.google.com/drive/folders/1iHXVIiARRMCtfbs3GqTYr6vufv4Ct6g7,vector,.ai,264 KB,,,False,False,linked_to_drive,cataloged,not_supplied
1P71r6CBf0bkvKKKMuA-6wSALSV2NwFak,PHTO Product Fibrex Corner 2004 1A CMYK.psd,Brand Assets/Ensemble Entry Doors/Entry Doors/LOGOS/PHTO Product Fibrex Corner 2004 1A CMYK.psd,brand,1pFwoQqNZ8rHbVw3sh83gYyC9weJHubfn,https://drive.google.com/file/d/1P71r6CBf0bkvKKKMuA-6wSALSV2NwFak/view,https://drive.google.com/drive/folders/1pFwoQqNZ8rHbVw3sh83gYyC9weJHubfn,layered image,.psd,1.3 MB,,,False,False,linked_to_drive,cataloged,not_supplied
1GKFi6ZiGNKpUjvPBUf40rDG8dvNJyA_w,VLTR Custom Built in the USA Standalone CMYK.ai,Brand Assets/Ensemble Entry Doors/Entry Doors/LOGOS/VLTR Custom Built in the USA Standalone CMYK.ai,brand,1pFwoQqNZ8rHbVw3sh83gYyC9weJHubfn,https://drive.google.com/file/d/1GKFi6ZiGNKpUjvPBUf40rDG8dvNJyA_w/view,https://drive.google.com/drive/folders/1pFwoQqNZ8rHbVw3sh83gYyC9weJHubfn,vector,.ai,1.6 MB,,,False,False,linked_to_drive,cataloged,not_supplied
1BbFlymgcODcVBoVQVjMQ5UdvTeOTVDJ9,14247 Asset Card Designer Highlights Breegan Jane 1.jpg,Brand Assets/Ensemble Entry Doors/Entry Doors/Photo/14247 Asset Card Designer Highlights Breegan Jane 1.jpg,brand,1M9f0L_QJ1ZKoowy63g5zVxp3KDKTiCQg,https://drive.google.com/file/d/1BbFlymgcODcVBoVQVjMQ5UdvTeOTVDJ9/view,https://drive.google.com/drive/folders/1M9f0L_QJ1ZKoowy63g5zVxp3KDKTiCQg,image,.jpg,339 KB,,,False,False,linked_to_drive,cataloged,not_supplied
1hiZwl-kkkGOqwZ_bIf2BINOLrwntW-s9,14247 Asset Card Designer Highlights Laurie March 1.jpg,Brand Assets/Ensemble Entry Doors/Entry Doors/Photo/14247 Asset Card Designer Highlights Laurie March 1.jpg,brand,1M9f0L_QJ1ZKoowy63g5zVxp3KDKTiCQg,https://drive.google.com/file/d/1hiZwl-kkkGOqwZ_bIf2BINOLrwntW-s9/view,https://drive.google.com/drive/folders/1M9f0L_QJ1ZKoowy63g5zVxp3KDKTiCQg,image,.jpg,474 KB,,,False,False,linked_to_drive,cataloged,not_supplied
1988qS88IgYFuno-MqgNsnzrxSTD8NQmI,ensemble entry 1.png,Brand Assets/Ensemble Entry Doors/Entry Doors/Photo/ensemble entry 1.png,brand,1M9f0L_QJ1ZKoowy63g5zVxp3KDKTiCQg,https://drive.google.com/file/d/1988qS88IgYFuno-MqgNsnzrxSTD8NQmI/view,https://drive.google.com/drive/folders/1M9f0L_QJ1ZKoowy63g5zVxp3KDKTiCQg,image,.png,32.1 MB,,,False,False,linked_to_drive,cataloged,not_supplied
1MNGeElW13te42Hq1lHG9tVENKtx-lUTw,ensemble entry 2.png,Brand Assets/Ensemble Entry Doors/Entry Doors/Photo/ensemble entry 2.png,brand,1M9f0L_QJ1ZKoowy63g5zVxp3KDKTiCQg,https://drive.google.com/file/d/1MNGeElW13te42Hq1lHG9tVENKtx-lUTw/view,https://drive.google.com/drive/folders/1M9f0L_QJ1ZKoowy63g5zVxp3KDKTiCQg,image,.png,6.5 MB,,,False,False,linked_to_drive,cataloged,not_supplied
1LLJG3Spmp2dr4kH2rzxthE31ArIilFw5,PHTO Beauty Entry Door 2025 Trends Bungalow 2266152937.jpg,Brand Assets/Ensemble Entry Doors/Entry Doors/Photo/PHTO Beauty Entry Door 2025 Trends Bungalow 2266152937.jpg,brand,1M9f0L_QJ1ZKoowy63g5zVxp3KDKTiCQg,https://drive.google.com/file/d/1LLJG3Spmp2dr4kH2rzxthE31ArIilFw5/view,https://drive.google.com/drive/folders/1M9f0L_QJ1ZKoowy63g5zVxp3KDKTiCQg,image,.jpg,2.7 MB,,,False,False,linked_to_drive,cataloged,not_supplied
1sOLZZqvt3RxX13_DS5VVjnCbNwWTzCvu,PHTO Beauty Entry Door 2025 Trends Colonial 1390235495A.jpg,Brand Assets/Ensemble Entry Doors/Entry Doors/Photo/PHTO Beauty Entry Door 2025 Trends Colonial 1390235495A.jpg,brand,1M9f0L_QJ1ZKoowy63g5zVxp3KDKTiCQg,https://drive.google.com/file/d/1sOLZZqvt3RxX13_DS5VVjnCbNwWTzCvu/view,https://drive.google.com/drive/folders/1M9f0L_QJ1ZKoowy63g5zVxp3KDKTiCQg,image,.jpg,5.7 MB,,,False,False,linked_to_drive,cataloged,not_supplied
1egKXjlkzMgwT5IOKIj-o3h_CDfkAkeYK,renewal by andersen kentucky esemble entry door giveaway double door with glass.png,Brand Assets/Ensemble Entry Doors/Entry Doors/Photo/renewal by andersen kentucky esemble entry door giveaway double door with glass.png,brand,1M9f0L_QJ1ZKoowy63g5zVxp3KDKTiCQg,https://drive.google.com/file/d/1egKXjlkzMgwT5IOKIj-o3h_CDfkAkeYK/view,https://drive.google.com/drive/folders/1M9f0L_QJ1ZKoowy63g5zVxp3KDKTiCQg,image,.png,1.6 MB,,,False,False,linked_to_drive,cataloged,not_supplied
1vvl8eWQcwYhwUM6Ik0MklJcexbkVZG9q,renewal by andersen kentucky esemble entry door giveaway double door.png,Brand Assets/Ensemble Entry Doors/Entry Doors/Photo/renewal by andersen kentucky esemble entry door giveaway double door.png,brand,1M9f0L_QJ1ZKoowy63g5zVxp3KDKTiCQg,https://drive.google.com/file/d/1vvl8eWQcwYhwUM6Ik0MklJcexbkVZG9q/view,https://drive.google.com/drive/folders/1M9f0L_QJ1ZKoowy63g5zVxp3KDKTiCQg,image,.png,1.3 MB,,,False,False,linked_to_drive,cataloged,not_supplied
14vgEh0hYPItKRspYFRKpjgHSKUoHaLi2,renewal by andersen kentucky esemble entry door giveaway double sky light black 2.png,Brand Assets/Ensemble Entry Doors/Entry Doors/Photo/renewal by andersen kentucky esemble entry door giveaway double sky light black 2.png,brand,1M9f0L_QJ1ZKoowy63g5zVxp3KDKTiCQg,https://drive.google.com/file/d/14vgEh0hYPItKRspYFRKpjgHSKUoHaLi2/view,https://drive.google.com/drive/folders/1M9f0L_QJ1ZKoowy63g5zVxp3KDKTiCQg,image,.png,1 MB,,,False,False,linked_to_drive,cataloged,not_supplied
1TmMrhGwdFtd_jkevK89rZ8yP_azwiUDD,renewal by andersen kentucky esemble entry door giveaway double sky light black 3.png,Brand Assets/Ensemble Entry Doors/Entry Doors/Photo/renewal by andersen kentucky esemble entry door giveaway double sky light black 3.png,brand,1M9f0L_QJ1ZKoowy63g5zVxp3KDKTiCQg,https://drive.google.com/file/d/1TmMrhGwdFtd_jkevK89rZ8yP_azwiUDD/view,https://drive.google.com/drive/folders/1M9f0L_QJ1ZKoowy63g5zVxp3KDKTiCQg,image,.png,1.1 MB,,,False,False,linked_to_drive,cataloged,not_supplied
1RkYRSI8DWm9GEY3z-3LtLTjJUwEmA_Fz,renewal by andersen kentucky esemble entry door giveaway double sky light oak.png,Brand Assets/Ensemble Entry Doors/Entry Doors/Photo/renewal by andersen kentucky esemble entry door giveaway double sky light oak.png,brand,1M9f0L_QJ1ZKoowy63g5zVxp3KDKTiCQg,https://drive.google.com/file/d/1RkYRSI8DWm9GEY3z-3LtLTjJUwEmA_Fz/view,https://drive.google.com/drive/folders/1M9f0L_QJ1ZKoowy63g5zVxp3KDKTiCQg,image,.png,1.7 MB,,,False,False,linked_to_drive,cataloged,not_supplied
1SRZIa6dIDrQi4DTvLgNVrfySVMTQlM7t,renewal by andersen kentucky esemble entry door giveaway double sky light white oak.png,Brand Assets/Ensemble Entry Doors/Entry Doors/Photo/renewal by andersen kentucky esemble entry door giveaway double sky light white oak.png,brand,1M9f0L_QJ1ZKoowy63g5zVxp3KDKTiCQg,https://drive.google.com/file/d/1SRZIa6dIDrQi4DTvLgNVrfySVMTQlM7t/view,https://drive.google.com/drive/folders/1M9f0L_QJ1ZKoowy63g5zVxp3KDKTiCQg,image,.png,1.4 MB,,,False,False,linked_to_drive,cataloged,not_supplied
1gz2-kHKeMDF6Z0kIE5fZMf0mDFowXFXn,renewal by andersen kentucky esemble entry door giveaway double sky light white.png,Brand Assets/Ensemble Entry Doors/Entry Doors/Photo/renewal by andersen kentucky esemble entry door giveaway double sky light white.png,brand,1M9f0L_QJ1ZKoowy63g5zVxp3KDKTiCQg,https://drive.google.com/file/d/1gz2-kHKeMDF6Z0kIE5fZMf0mDFowXFXn/view,https://drive.google.com/drive/folders/1M9f0L_QJ1ZKoowy63g5zVxp3KDKTiCQg,image,.png,889 KB,,,False,False,linked_to_drive,cataloged,not_supplied
1ff-dHc9wchz6RchriIQecwhaFmgo7Jl6,renewal by andersen kentucky esemble entry door giveaway double sky light with glass.png,Brand Assets/Ensemble Entry Doors/Entry Doors/Photo/renewal by andersen kentucky esemble entry door giveaway double sky light with glass.png,brand,1M9f0L_QJ1ZKoowy63g5zVxp3KDKTiCQg,https://drive.google.com/file/d/1ff-dHc9wchz6RchriIQecwhaFmgo7Jl6/view,https://drive.google.com/drive/folders/1M9f0L_QJ1ZKoowy63g5zVxp3KDKTiCQg,image,.png,1.6 MB,,,False,False,linked_to_drive,cataloged,not_supplied
1pDJimGJO6d4PsjUlFQyWArfPxhSmqTh9,renewal by andersen kentucky esemble entry door giveaway open interior white.png,Brand Assets/Ensemble Entry Doors/Entry Doors/Photo/renewal by andersen kentucky esemble entry door giveaway open interior white.png,brand,1M9f0L_QJ1ZKoowy63g5zVxp3KDKTiCQg,https://drive.google.com/file/d/1pDJimGJO6d4PsjUlFQyWArfPxhSmqTh9/view,https://drive.google.com/drive/folders/1M9f0L_QJ1ZKoowy63g5zVxp3KDKTiCQg,image,.png,909 KB,,,False,False,linked_to_drive,cataloged,not_supplied
18P82loxzAXUlplalLB0HaQ0BdQ5MYuId,renewal by andersen kentucky esemble entry door giveaway single sky light black with glass.png,Brand Assets/Ensemble Entry Doors/Entry Doors/Photo/renewal by andersen kentucky esemble entry door giveaway single sky light black with glass.png,brand,1M9f0L_QJ1ZKoowy63g5zVxp3KDKTiCQg,https://drive.google.com/file/d/18P82loxzAXUlplalLB0HaQ0BdQ5MYuId/view,https://drive.google.com/drive/folders/1M9f0L_QJ1ZKoowy63g5zVxp3KDKTiCQg,image,.png,814 KB,,,False,False,linked_to_drive,cataloged,not_supplied
1r0EVSsWtjn9s8WPpRmZ72gt-mAhg16R9,renewal by andersen kentucky esemble entry door giveaway single sky light walnut.png,Brand Assets/Ensemble Entry Doors/Entry Doors/Photo/renewal by andersen kentucky esemble entry door giveaway single sky light walnut.png,brand,1M9f0L_QJ1ZKoowy63g5zVxp3KDKTiCQg,https://drive.google.com/file/d/1r0EVSsWtjn9s8WPpRmZ72gt-mAhg16R9/view,https://drive.google.com/drive/folders/1M9f0L_QJ1ZKoowy63g5zVxp3KDKTiCQg,image,.png,1.4 MB,,,False,False,linked_to_drive,cataloged,not_supplied
1V2zFO-VJfjajge_grGeR6EYF6oCDgW6z,EXT Ensemble Door Cottage Grove MW Pan R.mov,Brand Assets/Ensemble Entry Doors/Entry Doors/Video/EXT Ensemble Door Cottage Grove MW Pan R.mov,brand,1AKgVnM7rVy28PJLwut5H70YFmaJzLrxT,https://drive.google.com/file/d/1V2zFO-VJfjajge_grGeR6EYF6oCDgW6z/view,https://drive.google.com/drive/folders/1AKgVnM7rVy28PJLwut5H70YFmaJzLrxT,video,.mov,230.1 MB,,,False,False,linked_to_drive,cataloged,not_supplied
1rZ2rQGJcau3oOxCCaCdTHeCDU05BIbJX,EXT Ensemble Door CU Grills Glass 01.mov,Brand Assets/Ensemble Entry Doors/Entry Doors/Video/EXT Ensemble Door CU Grills Glass 01.mov,brand,1AKgVnM7rVy28PJLwut5H70YFmaJzLrxT,https://drive.google.com/file/d/1rZ2rQGJcau3oOxCCaCdTHeCDU05BIbJX/view,https://drive.google.com/drive/folders/1AKgVnM7rVy28PJLwut5H70YFmaJzLrxT,video,.mov,144.4 MB,,,False,False,linked_to_drive,cataloged,not_supplied
1fiHbznSY-3zpO2RgmtSp4mlsnv2oeCdA,EXT Ensemble Door DPR MW Pan Right.mov,Brand Assets/Ensemble Entry Doors/Entry Doors/Video/EXT Ensemble Door DPR MW Pan Right.mov,brand,1AKgVnM7rVy28PJLwut5H70YFmaJzLrxT,https://drive.google.com/file/d/1fiHbznSY-3zpO2RgmtSp4mlsnv2oeCdA/view,https://drive.google.com/drive/folders/1AKgVnM7rVy28PJLwut5H70YFmaJzLrxT,video,.mov,231.3 MB,,,False,False,linked_to_drive,cataloged,not_supplied
1gpFDm-jA9n8JkE9FUzulGQbS8Qwb60wF,EXT_DL_Day1_Bayport_Install_TimeLapse.mp4,Brand Assets/Ensemble Entry Doors/Entry Doors/Video/EXT_DL_Day1_Bayport_Install_TimeLapse.mp4,brand,1AKgVnM7rVy28PJLwut5H70YFmaJzLrxT,https://drive.google.com/file/d/1gpFDm-jA9n8JkE9FUzulGQbS8Qwb60wF/view,https://drive.google.com/drive/folders/1AKgVnM7rVy28PJLwut5H70YFmaJzLrxT,video,.mp4,346.5 MB,,,False,False,linked_to_drive,cataloged,not_supplied
1VcbX_N8aY0oNP4TbJASfXQgFlwxHJyEp,EXT_DL_Day3_Farmington_Install_TimeLapse.mp4,Brand Assets/Ensemble Entry Doors/Entry Doors/Video/EXT_DL_Day3_Farmington_Install_TimeLapse.mp4,brand,1AKgVnM7rVy28PJLwut5H70YFmaJzLrxT,https://drive.google.com/file/d/1VcbX_N8aY0oNP4TbJASfXQgFlwxHJyEp/view,https://drive.google.com/drive/folders/1AKgVnM7rVy28PJLwut5H70YFmaJzLrxT,video,.mp4,425.2 MB,,,False,False,linked_to_drive,cataloged,not_supplied
1pGL_c8MpUl2OglfWoctN9evxO2p8PwbH,INT_DL_Day1_Bayport_Install_TimeLapse.mp4,Brand Assets/Ensemble Entry Doors/Entry Doors/Video/INT_DL_Day1_Bayport_Install_TimeLapse.mp4,brand,1AKgVnM7rVy28PJLwut5H70YFmaJzLrxT,https://drive.google.com/file/d/1pGL_c8MpUl2OglfWoctN9evxO2p8PwbH/view,https://drive.google.com/drive/folders/1AKgVnM7rVy28PJLwut5H70YFmaJzLrxT,video,.mp4,448.3 MB,,,False,False,linked_to_drive,cataloged,not_supplied
1YN5pQHbmDgbQxARcuTtQM1H2fkFo--xy,INT_DL_Day2_Farmington_Install_TimeLapse.mp4,Brand Assets/Ensemble Entry Doors/Entry Doors/Video/INT_DL_Day2_Farmington_Install_TimeLapse.mp4,brand,1AKgVnM7rVy28PJLwut5H70YFmaJzLrxT,https://drive.google.com/file/d/1YN5pQHbmDgbQxARcuTtQM1H2fkFo--xy/view,https://drive.google.com/drive/folders/1AKgVnM7rVy28PJLwut5H70YFmaJzLrxT,video,.mp4,216.1 MB,,,False,False,linked_to_drive,cataloged,not_supplied
1ujf3NwWXS-h_SY8SWQpLjyGGtEI28r-h,PHM0 Ambassador Laurie March Twilight 14419 8601A.png,Brand Assets/Ensemble Entry Doors/PHM0 Ambassador Laurie March Twilight 14419 8601A.png,brand,17Zrdyd5ww63FsnVvtdMB0yj4SB_KrdKr,https://drive.google.com/file/d/1ujf3NwWXS-h_SY8SWQpLjyGGtEI28r-h/view,https://drive.google.com/drive/folders/17Zrdyd5ww63FsnVvtdMB0yj4SB_KrdKr,image,.png,40 MB,,,False,False,linked_to_drive,cataloged,not_supplied
1YYDKQd4i5ToummF5r1qnDhU35dP4ajtR,ITC - FranklinGothicLTPro-Bk.otf,Brand Assets/FONTS/ITC - FranklinGothicLTPro-Bk.otf,brand,1LCrilYumQU5U5k6oPulUF-tz3s33mpV4,https://drive.google.com/file/d/1YYDKQd4i5ToummF5r1qnDhU35dP4ajtR/view,https://drive.google.com/drive/folders/1LCrilYumQU5U5k6oPulUF-tz3s33mpV4,font,.otf,,,,False,False,linked_to_drive,cataloged,not_supplied
1x60H8UzC-GSXduvCDrJMpi7cIV4MJ7it,ITC - FranklinGothicLTPro-BkCm.otf,Brand Assets/FONTS/ITC - FranklinGothicLTPro-BkCm.otf,brand,1LCrilYumQU5U5k6oPulUF-tz3s33mpV4,https://drive.google.com/file/d/1x60H8UzC-GSXduvCDrJMpi7cIV4MJ7it/view,https://drive.google.com/drive/folders/1LCrilYumQU5U5k6oPulUF-tz3s33mpV4,font,.otf,,,,False,False,linked_to_drive,cataloged,not_supplied
11DS7zWzNAgYzPdnae20-T7JcV4Nj2dwj,ITC - FranklinGothicLTPro-BkCmIt.otf,Brand Assets/FONTS/ITC - FranklinGothicLTPro-BkCmIt.otf,brand,1LCrilYumQU5U5k6oPulUF-tz3s33mpV4,https://drive.google.com/file/d/11DS7zWzNAgYzPdnae20-T7JcV4Nj2dwj/view,https://drive.google.com/drive/folders/1LCrilYumQU5U5k6oPulUF-tz3s33mpV4,font,.otf,,,,False,False,linked_to_drive,cataloged,not_supplied
1wJoKA7IwZIzFtZ4VpYpTo7LTfW-3wZcs,ITC - FranklinGothicLTPro-BkIt.otf,Brand Assets/FONTS/ITC - FranklinGothicLTPro-BkIt.otf,brand,1LCrilYumQU5U5k6oPulUF-tz3s33mpV4,https://drive.google.com/file/d/1wJoKA7IwZIzFtZ4VpYpTo7LTfW-3wZcs/view,https://drive.google.com/drive/folders/1LCrilYumQU5U5k6oPulUF-tz3s33mpV4,font,.otf,,,,False,False,linked_to_drive,cataloged,not_supplied
1MtVheGITkGsNlPqcJ0J9fIeWZq1q6lCE,ITC - FranklinGothicLTPro-BkXCm.otf,Brand Assets/FONTS/ITC - FranklinGothicLTPro-BkXCm.otf,brand,1LCrilYumQU5U5k6oPulUF-tz3s33mpV4,https://drive.google.com/file/d/1MtVheGITkGsNlPqcJ0J9fIeWZq1q6lCE/view,https://drive.google.com/drive/folders/1LCrilYumQU5U5k6oPulUF-tz3s33mpV4,font,.otf,,,,False,False,linked_to_drive,cataloged,not_supplied
1qNF5bX2ETrze9YiPvdfTXzd7A1vcivvo,ITC - FranklinGothicLTPro-Dm.otf,Brand Assets/FONTS/ITC - FranklinGothicLTPro-Dm.otf,brand,1LCrilYumQU5U5k6oPulUF-tz3s33mpV4,https://drive.google.com/file/d/1qNF5bX2ETrze9YiPvdfTXzd7A1vcivvo/view,https://drive.google.com/drive/folders/1LCrilYumQU5U5k6oPulUF-tz3s33mpV4,font,.otf,,,,False,False,linked_to_drive,cataloged,not_supplied
1hciv2tHCXasKq_gWZknKnzhE9MwZrxWl,ITC - FranklinGothicLTPro-DmCm.otf,Brand Assets/FONTS/ITC - FranklinGothicLTPro-DmCm.otf,brand,1LCrilYumQU5U5k6oPulUF-tz3s33mpV4,https://drive.google.com/file/d/1hciv2tHCXasKq_gWZknKnzhE9MwZrxWl/view,https://drive.google.com/drive/folders/1LCrilYumQU5U5k6oPulUF-tz3s33mpV4,font,.otf,,,,False,False,linked_to_drive,cataloged,not_supplied
1AOJqSMMTVySryQjjOkXpIlzA4QYylL7k,ITC - FranklinGothicLTPro-DmCmIt.otf,Brand Assets/FONTS/ITC - FranklinGothicLTPro-DmCmIt.otf,brand,1LCrilYumQU5U5k6oPulUF-tz3s33mpV4,https://drive.google.com/file/d/1AOJqSMMTVySryQjjOkXpIlzA4QYylL7k/view,https://drive.google.com/drive/folders/1LCrilYumQU5U5k6oPulUF-tz3s33mpV4,font,.otf,,,,False,False,linked_to_drive,cataloged,not_supplied
1uCULw5O_O3vj3HJ07JtSH5uYfo2v96Dx,ITC - FranklinGothicLTPro-DmIt.otf,Brand Assets/FONTS/ITC - FranklinGothicLTPro-DmIt.otf,brand,1LCrilYumQU5U5k6oPulUF-tz3s33mpV4,https://drive.google.com/file/d/1uCULw5O_O3vj3HJ07JtSH5uYfo2v96Dx/view,https://drive.google.com/drive/folders/1LCrilYumQU5U5k6oPulUF-tz3s33mpV4,font,.otf,,,,False,False,linked_to_drive,cataloged,not_supplied
1ANKHq6pkGhvIOm4hh8JJX7sEM47rcw2j,ITC - FranklinGothicLTPro-DmXCm.otf,Brand Assets/FONTS/ITC - FranklinGothicLTPro-DmXCm.otf,brand,1LCrilYumQU5U5k6oPulUF-tz3s33mpV4,https://drive.google.com/file/d/1ANKHq6pkGhvIOm4hh8JJX7sEM47rcw2j/view,https://drive.google.com/drive/folders/1LCrilYumQU5U5k6oPulUF-tz3s33mpV4,font,.otf,,,,False,False,linked_to_drive,cataloged,not_supplied
1FKZbEPR5sbcLRqgC9gsA3-w1BsxwJydF,ITC - FranklinGothicLTPro-Heavy.otf,Brand Assets/FONTS/ITC - FranklinGothicLTPro-Heavy.otf,brand,1LCrilYumQU5U5k6oPulUF-tz3s33mpV4,https://drive.google.com/file/d/1FKZbEPR5sbcLRqgC9gsA3-w1BsxwJydF/view,https://drive.google.com/drive/folders/1LCrilYumQU5U5k6oPulUF-tz3s33mpV4,font,.otf,,,,False,False,linked_to_drive,cataloged,not_supplied
1x_SrjEfOM7w-gS7_-mCi4FWlH4VtV0jB,ITC - FranklinGothicLTPro-HeavyIt.otf,Brand Assets/FONTS/ITC - FranklinGothicLTPro-HeavyIt.otf,brand,1LCrilYumQU5U5k6oPulUF-tz3s33mpV4,https://drive.google.com/file/d/1x_SrjEfOM7w-gS7_-mCi4FWlH4VtV0jB/view,https://drive.google.com/drive/folders/1LCrilYumQU5U5k6oPulUF-tz3s33mpV4,font,.otf,,,,False,False,linked_to_drive,cataloged,not_supplied
1_naOiu4bIiLnIa0OqFvWtiSE55aElDm5,ITC - FranklinGothicLTPro-Md.otf,Brand Assets/FONTS/ITC - FranklinGothicLTPro-Md.otf,brand,1LCrilYumQU5U5k6oPulUF-tz3s33mpV4,https://drive.google.com/file/d/1_naOiu4bIiLnIa0OqFvWtiSE55aElDm5/view,https://drive.google.com/drive/folders/1LCrilYumQU5U5k6oPulUF-tz3s33mpV4,font,.otf,,,,False,False,linked_to_drive,cataloged,not_supplied
1Ep6f7if8RtmmqvuqJzQfiWclacCAJb2J,ITC - FranklinGothicLTPro-MdIt.otf,Brand Assets/FONTS/ITC - FranklinGothicLTPro-MdIt.otf,brand,1LCrilYumQU5U5k6oPulUF-tz3s33mpV4,https://drive.google.com/file/d/1Ep6f7if8RtmmqvuqJzQfiWclacCAJb2J/view,https://drive.google.com/drive/folders/1LCrilYumQU5U5k6oPulUF-tz3s33mpV4,font,.otf,,,,False,False,linked_to_drive,cataloged,not_supplied
1yy0kes3uxfmEitHsa5pVyFGJggRRSH4p,ITC - ITCFranklinGothic LT Pro Bk Bold Italic.ttf,Brand Assets/FONTS/ITC - ITCFranklinGothic LT Pro Bk Bold Italic.ttf,brand,1LCrilYumQU5U5k6oPulUF-tz3s33mpV4,https://drive.google.com/file/d/1yy0kes3uxfmEitHsa5pVyFGJggRRSH4p/view,https://drive.google.com/drive/folders/1LCrilYumQU5U5k6oPulUF-tz3s33mpV4,font,.ttf,,,,False,False,linked_to_drive,cataloged,not_supplied
1Bg9PLlsid9APjRGTZw6E6PS7KdQJY-aD,ITC - ITCFranklinGothic LT Pro Bk Bold.ttf,Brand Assets/FONTS/ITC - ITCFranklinGothic LT Pro Bk Bold.ttf,brand,1LCrilYumQU5U5k6oPulUF-tz3s33mpV4,https://drive.google.com/file/d/1Bg9PLlsid9APjRGTZw6E6PS7KdQJY-aD/view,https://drive.google.com/drive/folders/1LCrilYumQU5U5k6oPulUF-tz3s33mpV4,font,.ttf,,,,False,False,linked_to_drive,cataloged,not_supplied
1ARUM6RpPl2hhAZGtwCCYLHHtYbWbd4BD,ITC - ITCFranklinGothic LT Pro Bk Italic.ttf,Brand Assets/FONTS/ITC - ITCFranklinGothic LT Pro Bk Italic.ttf,brand,1LCrilYumQU5U5k6oPulUF-tz3s33mpV4,https://drive.google.com/file/d/1ARUM6RpPl2hhAZGtwCCYLHHtYbWbd4BD/view,https://drive.google.com/drive/folders/1LCrilYumQU5U5k6oPulUF-tz3s33mpV4,font,.ttf,,,,False,False,linked_to_drive,cataloged,not_supplied
1xQMLlCN6fTM_Bwzq9eO0I9Y4Ld8CKwTU,ITC - ITCFranklinGothic LT Pro Bk.ttf,Brand Assets/FONTS/ITC - ITCFranklinGothic LT Pro Bk.ttf,brand,1LCrilYumQU5U5k6oPulUF-tz3s33mpV4,https://drive.google.com/file/d/1xQMLlCN6fTM_Bwzq9eO0I9Y4Ld8CKwTU/view,https://drive.google.com/drive/folders/1LCrilYumQU5U5k6oPulUF-tz3s33mpV4,font,.ttf,70 KB,,,False,False,linked_to_drive,cataloged,not_supplied
1imh732HJcTg__HGkKf8gmV8FBTUhep-5,ITC - ITCFranklinGothic LT Pro BkCm Bold Italic.ttf,Brand Assets/FONTS/ITC - ITCFranklinGothic LT Pro BkCm Bold Italic.ttf,brand,1LCrilYumQU5U5k6oPulUF-tz3s33mpV4,https://drive.google.com/file/d/1imh732HJcTg__HGkKf8gmV8FBTUhep-5/view,https://drive.google.com/drive/folders/1LCrilYumQU5U5k6oPulUF-tz3s33mpV4,font,.ttf,71 KB,,,False,False,linked_to_drive,cataloged,not_supplied
1GuQF99KDzNQXw5DsI3uwjYQY9TM4QVUK,ITC - ITCFranklinGothic LT Pro BkCm Bold.ttf,Brand Assets/FONTS/ITC - ITCFranklinGothic LT Pro BkCm Bold.ttf,brand,1LCrilYumQU5U5k6oPulUF-tz3s33mpV4,https://drive.google.com/file/d/1GuQF99KDzNQXw5DsI3uwjYQY9TM4QVUK/view,https://drive.google.com/drive/folders/1LCrilYumQU5U5k6oPulUF-tz3s33mpV4,font,.ttf,66 KB,,,False,False,linked_to_drive,cataloged,not_supplied
1bugfW7EB7ENG1jvP5tVA-yEcypfRtaKy,ITC - ITCFranklinGothic LT Pro BkCm Italic.ttf,Brand Assets/FONTS/ITC - ITCFranklinGothic LT Pro BkCm Italic.ttf,brand,1LCrilYumQU5U5k6oPulUF-tz3s33mpV4,https://drive.google.com/file/d/1bugfW7EB7ENG1jvP5tVA-yEcypfRtaKy/view,https://drive.google.com/drive/folders/1LCrilYumQU5U5k6oPulUF-tz3s33mpV4,font,.ttf,72 KB,,,False,False,linked_to_drive,cataloged,not_supplied
10zwKhZdYJWMG6apYNoflqs67b4kE0bdC,ITC - ITCFranklinGothic LT Pro BkCm.ttf,Brand Assets/FONTS/ITC - ITCFranklinGothic LT Pro BkCm.ttf,brand,1LCrilYumQU5U5k6oPulUF-tz3s33mpV4,https://drive.google.com/file/d/10zwKhZdYJWMG6apYNoflqs67b4kE0bdC/view,https://drive.google.com/drive/folders/1LCrilYumQU5U5k6oPulUF-tz3s33mpV4,font,.ttf,66 KB,,,False,False,linked_to_drive,cataloged,not_supplied
1-ZYUM-IovVTKmLD82QCmDGS7oxkEc7YF,ITC - ITCFranklinGothic LT Pro BkCn Bold Italic.ttf,Brand Assets/FONTS/ITC - ITCFranklinGothic LT Pro BkCn Bold Italic.ttf,brand,1LCrilYumQU5U5k6oPulUF-tz3s33mpV4,https://drive.google.com/file/d/1-ZYUM-IovVTKmLD82QCmDGS7oxkEc7YF/view,https://drive.google.com/drive/folders/1LCrilYumQU5U5k6oPulUF-tz3s33mpV4,font,.ttf,72 KB,,,False,False,linked_to_drive,cataloged,not_supplied
1wSxRIAge36-g4ZCjVZ0Yv4czDFHVEQVz,ITC - ITCFranklinGothic LT Pro BkCn Bold.ttf,Brand Assets/FONTS/ITC - ITCFranklinGothic LT Pro BkCn Bold.ttf,brand,1LCrilYumQU5U5k6oPulUF-tz3s33mpV4,https://drive.google.com/file/d/1wSxRIAge36-g4ZCjVZ0Yv4czDFHVEQVz/view,https://drive.google.com/drive/folders/1LCrilYumQU5U5k6oPulUF-tz3s33mpV4,font,.ttf,72 KB,,,False,False,linked_to_drive,cataloged,not_supplied
1IceESZ0W5VA1MO_8IyjqqtITqFDRQ9JX,ITC - ITCFranklinGothic LT Pro BkCn Italic.ttf,Brand Assets/FONTS/ITC - ITCFranklinGothic LT Pro BkCn Italic.ttf,brand,1LCrilYumQU5U5k6oPulUF-tz3s33mpV4,https://drive.google.com/file/d/1IceESZ0W5VA1MO_8IyjqqtITqFDRQ9JX/view,https://drive.google.com/drive/folders/1LCrilYumQU5U5k6oPulUF-tz3s33mpV4,font,.ttf,74 KB,,,False,False,linked_to_drive,cataloged,not_supplied
1qHh8Be1QN8FLQxIAF8kQdlvEjWUXdp08,ITC - ITCFranklinGothic LT Pro BkCn.ttf,Brand Assets/FONTS/ITC - ITCFranklinGothic LT Pro BkCn.ttf,brand,1LCrilYumQU5U5k6oPulUF-tz3s33mpV4,https://drive.google.com/file/d/1qHh8Be1QN8FLQxIAF8kQdlvEjWUXdp08/view,https://drive.google.com/drive/folders/1LCrilYumQU5U5k6oPulUF-tz3s33mpV4,font,.ttf,92 KB,,,False,False,linked_to_drive,cataloged,not_supplied
10jEzq50WjSHDJiR6pbI8a8PXR9BGL1oM,ITC - ITCFranklinGothic LT Pro BkXCm Bold.ttf,Brand Assets/FONTS/ITC - ITCFranklinGothic LT Pro BkXCm Bold.ttf,brand,1LCrilYumQU5U5k6oPulUF-tz3s33mpV4,https://drive.google.com/file/d/10jEzq50WjSHDJiR6pbI8a8PXR9BGL1oM/view,https://drive.google.com/drive/folders/1LCrilYumQU5U5k6oPulUF-tz3s33mpV4,font,.ttf,67 KB,,,False,False,linked_to_drive,cataloged,not_supplied
1Yk1RWadQLXSym6Hx83BYPM3cZ6iugIO6,ITC - ITCFranklinGothic LT Pro BkXCm.ttf,Brand Assets/FONTS/ITC - ITCFranklinGothic LT Pro BkXCm.ttf,brand,1LCrilYumQU5U5k6oPulUF-tz3s33mpV4,https://drive.google.com/file/d/1Yk1RWadQLXSym6Hx83BYPM3cZ6iugIO6/view,https://drive.google.com/drive/folders/1LCrilYumQU5U5k6oPulUF-tz3s33mpV4,font,.ttf,65 KB,,,False,False,linked_to_drive,cataloged,not_supplied
11cKipha-o1f2ft0luA1a2fZm1hty6alA,ITC - ITCFranklinGothic LT Pro CnBk.otf,Brand Assets/FONTS/ITC - ITCFranklinGothic LT Pro CnBk.otf,brand,1LCrilYumQU5U5k6oPulUF-tz3s33mpV4,https://drive.google.com/file/d/11cKipha-o1f2ft0luA1a2fZm1hty6alA/view,https://drive.google.com/drive/folders/1LCrilYumQU5U5k6oPulUF-tz3s33mpV4,font,.otf,67 KB,,,False,False,linked_to_drive,cataloged,not_supplied
1SjcFUPQKc2O8CWREg6CVv0vTBAnqfc7B,ITC - ITCFranklinGothic LT Pro CnBkIt.otf,Brand Assets/FONTS/ITC - ITCFranklinGothic LT Pro CnBkIt.otf,brand,1LCrilYumQU5U5k6oPulUF-tz3s33mpV4,https://drive.google.com/file/d/1SjcFUPQKc2O8CWREg6CVv0vTBAnqfc7B/view,https://drive.google.com/drive/folders/1LCrilYumQU5U5k6oPulUF-tz3s33mpV4,font,.otf,51 KB,,,False,False,linked_to_drive,cataloged,not_supplied
1gMz6-V88OcteQNN0OB8q_dZ6zRS8F3eB,ITC - ITCFranklinGothic LT Pro CnDm.otf,Brand Assets/FONTS/ITC - ITCFranklinGothic LT Pro CnDm.otf,brand,1LCrilYumQU5U5k6oPulUF-tz3s33mpV4,https://drive.google.com/file/d/1gMz6-V88OcteQNN0OB8q_dZ6zRS8F3eB/view,https://drive.google.com/drive/folders/1LCrilYumQU5U5k6oPulUF-tz3s33mpV4,font,.otf,71 KB,,,False,False,linked_to_drive,cataloged,not_supplied
13aPQrBIBZCFZr5J6uqYW0REXo8mX-Lk-,ITC - ITCFranklinGothic LT Pro CnDmIt.otf,Brand Assets/FONTS/ITC - ITCFranklinGothic LT Pro CnDmIt.otf,brand,1LCrilYumQU5U5k6oPulUF-tz3s33mpV4,https://drive.google.com/file/d/13aPQrBIBZCFZr5J6uqYW0REXo8mX-Lk-/view,https://drive.google.com/drive/folders/1LCrilYumQU5U5k6oPulUF-tz3s33mpV4,font,.otf,53 KB,,,False,False,linked_to_drive,cataloged,not_supplied
1jGvkSVOzohoUuvGPoUtRgEuNHiU8Ei9z,ITC - ITCFranklinGothic LT Pro CnMd.otf,Brand Assets/FONTS/ITC - ITCFranklinGothic LT Pro CnMd.otf,brand,1LCrilYumQU5U5k6oPulUF-tz3s33mpV4,https://drive.google.com/file/d/1jGvkSVOzohoUuvGPoUtRgEuNHiU8Ei9z/view,https://drive.google.com/drive/folders/1LCrilYumQU5U5k6oPulUF-tz3s33mpV4,font,.otf,67 KB,,,False,False,linked_to_drive,cataloged,not_supplied
1tWQePbMg-wdSeSB3gw5QdY8Yfb3KFKbX,ITC - ITCFranklinGothic LT Pro CnMdIt.otf,Brand Assets/FONTS/ITC - ITCFranklinGothic LT Pro CnMdIt.otf,brand,1LCrilYumQU5U5k6oPulUF-tz3s33mpV4,https://drive.google.com/file/d/1tWQePbMg-wdSeSB3gw5QdY8Yfb3KFKbX/view,https://drive.google.com/drive/folders/1LCrilYumQU5U5k6oPulUF-tz3s33mpV4,font,.otf,50 KB,,,False,False,linked_to_drive,cataloged,not_supplied
1K6ghvufp1xtEYWtbVBx4HiJbcb5oUvy2,ITC - ITCFranklinGothic LT Pro Md Bold Italic.ttf,Brand Assets/FONTS/ITC - ITCFranklinGothic LT Pro Md Bold Italic.ttf,brand,1LCrilYumQU5U5k6oPulUF-tz3s33mpV4,https://drive.google.com/file/d/1K6ghvufp1xtEYWtbVBx4HiJbcb5oUvy2/view,https://drive.google.com/drive/folders/1LCrilYumQU5U5k6oPulUF-tz3s33mpV4,font,.ttf,74 KB,,,False,False,linked_to_drive,cataloged,not_supplied
13frxEYE6Yoqq42jgP7wAd319pxG04dnS,ITC - ITCFranklinGothic LT Pro Md Bold.ttf,Brand Assets/FONTS/ITC - ITCFranklinGothic LT Pro Md Bold.ttf,brand,1LCrilYumQU5U5k6oPulUF-tz3s33mpV4,https://drive.google.com/file/d/13frxEYE6Yoqq42jgP7wAd319pxG04dnS/view,https://drive.google.com/drive/folders/1LCrilYumQU5U5k6oPulUF-tz3s33mpV4,font,.ttf,70 KB,,,False,False,linked_to_drive,cataloged,not_supplied
1Ur4TQRdHQlTZKpc5P8kGTKhMVvWuWt1_,ITC - ITCFranklinGothic LT Pro Md Italic.ttf,Brand Assets/FONTS/ITC - ITCFranklinGothic LT Pro Md Italic.ttf,brand,1LCrilYumQU5U5k6oPulUF-tz3s33mpV4,https://drive.google.com/file/d/1Ur4TQRdHQlTZKpc5P8kGTKhMVvWuWt1_/view,https://drive.google.com/drive/folders/1LCrilYumQU5U5k6oPulUF-tz3s33mpV4,font,.ttf,74 KB,,,False,False,linked_to_drive,cataloged,not_supplied
1OS3zP7k3ODEVGIhzG0RhtI4qugzaeOew,ITC - ITCFranklinGothic LT Pro Md.ttf,Brand Assets/FONTS/ITC - ITCFranklinGothic LT Pro Md.ttf,brand,1LCrilYumQU5U5k6oPulUF-tz3s33mpV4,https://drive.google.com/file/d/1OS3zP7k3ODEVGIhzG0RhtI4qugzaeOew/view,https://drive.google.com/drive/folders/1LCrilYumQU5U5k6oPulUF-tz3s33mpV4,font,.ttf,72 KB,,,False,False,linked_to_drive,cataloged,not_supplied
1MxWqXP-32AFaEtpDodHX1xt4n02wmJjv,ITC - ITCFranklinGothic LT Pro MdCn Italic.ttf,Brand Assets/FONTS/ITC - ITCFranklinGothic LT Pro MdCn Italic.ttf,brand,1LCrilYumQU5U5k6oPulUF-tz3s33mpV4,https://drive.google.com/file/d/1MxWqXP-32AFaEtpDodHX1xt4n02wmJjv/view,https://drive.google.com/drive/folders/1LCrilYumQU5U5k6oPulUF-tz3s33mpV4,font,.ttf,69 KB,,,False,False,linked_to_drive,cataloged,not_supplied
1fzRq9Hf0Jcqf9jYRy7ux6NHVgdrJSQSJ,ITC - ITCFranklinGothic LT Pro MdCn.ttf,Brand Assets/FONTS/ITC - ITCFranklinGothic LT Pro MdCn.ttf,brand,1LCrilYumQU5U5k6oPulUF-tz3s33mpV4,https://drive.google.com/file/d/1fzRq9Hf0Jcqf9jYRy7ux6NHVgdrJSQSJ/view,https://drive.google.com/drive/folders/1LCrilYumQU5U5k6oPulUF-tz3s33mpV4,font,.ttf,88 KB,,,False,False,linked_to_drive,cataloged,not_supplied
1RMjd9qQlkX14Uh7PMxD4qtHZ2l9oN4Cj,ITC - ITCFranklinGothicStd-BkCd.otf,Brand Assets/FONTS/ITC - ITCFranklinGothicStd-BkCd.otf,brand,1LCrilYumQU5U5k6oPulUF-tz3s33mpV4,https://drive.google.com/file/d/1RMjd9qQlkX14Uh7PMxD4qtHZ2l9oN4Cj/view,https://drive.google.com/drive/folders/1LCrilYumQU5U5k6oPulUF-tz3s33mpV4,font,.otf,53 KB,,,False,False,linked_to_drive,cataloged,not_supplied
1b4ZPQUiXJAoHfBdRHQf_4AjN6ZApUQZc,ITC - ITCFranklinGothicStd-BkCdIt.otf,Brand Assets/FONTS/ITC - ITCFranklinGothicStd-BkCdIt.otf,brand,1LCrilYumQU5U5k6oPulUF-tz3s33mpV4,https://drive.google.com/file/d/1b4ZPQUiXJAoHfBdRHQf_4AjN6ZApUQZc/view,https://drive.google.com/drive/folders/1LCrilYumQU5U5k6oPulUF-tz3s33mpV4,font,.otf,39 KB,,,False,False,linked_to_drive,cataloged,not_supplied
1pqwtkQejvPooiCeBwtLGC8nhTRYEZAXD,ITC - ITCFranklinGothicStd-BkCp.otf,Brand Assets/FONTS/ITC - ITCFranklinGothicStd-BkCp.otf,brand,1LCrilYumQU5U5k6oPulUF-tz3s33mpV4,https://drive.google.com/file/d/1pqwtkQejvPooiCeBwtLGC8nhTRYEZAXD/view,https://drive.google.com/drive/folders/1LCrilYumQU5U5k6oPulUF-tz3s33mpV4,font,.otf,37 KB,,,False,False,linked_to_drive,cataloged,not_supplied
1W3laeXLHLjsRdAKolvttE34yLiUvbX54,ITC - ITCFranklinGothicStd-BkCpIt.otf,Brand Assets/FONTS/ITC - ITCFranklinGothicStd-BkCpIt.otf,brand,1LCrilYumQU5U5k6oPulUF-tz3s33mpV4,https://drive.google.com/file/d/1W3laeXLHLjsRdAKolvttE34yLiUvbX54/view,https://drive.google.com/drive/folders/1LCrilYumQU5U5k6oPulUF-tz3s33mpV4,font,.otf,39 KB,,,False,False,linked_to_drive,cataloged,not_supplied
1FwmSUPePmthhgIJTG6LuZ3JeE-TBMWMy,ITC - ITCFranklinGothicStd-BkXCp.otf,Brand Assets/FONTS/ITC - ITCFranklinGothicStd-BkXCp.otf,brand,1LCrilYumQU5U5k6oPulUF-tz3s33mpV4,https://drive.google.com/file/d/1FwmSUPePmthhgIJTG6LuZ3JeE-TBMWMy/view,https://drive.google.com/drive/folders/1LCrilYumQU5U5k6oPulUF-tz3s33mpV4,font,.otf,37 KB,,,False,False,linked_to_drive,cataloged,not_supplied
1OkZjKvno7xoIzlxkqtIkkndh1ALjlcem,ITC - ITCFranklinGothicStd-Book.otf,Brand Assets/FONTS/ITC - ITCFranklinGothicStd-Book.otf,brand,1LCrilYumQU5U5k6oPulUF-tz3s33mpV4,https://drive.google.com/file/d/1OkZjKvno7xoIzlxkqtIkkndh1ALjlcem/view,https://drive.google.com/drive/folders/1LCrilYumQU5U5k6oPulUF-tz3s33mpV4,font,.otf,38 KB,,,False,False,linked_to_drive,cataloged,not_supplied
1lm6DNYb8JNCHl8F7CL0pDdAcdK1GvVVQ,ITC - ITCFranklinGothicStd-BookIt.otf,Brand Assets/FONTS/ITC - ITCFranklinGothicStd-BookIt.otf,brand,1LCrilYumQU5U5k6oPulUF-tz3s33mpV4,https://drive.google.com/file/d/1lm6DNYb8JNCHl8F7CL0pDdAcdK1GvVVQ/view,https://drive.google.com/drive/folders/1LCrilYumQU5U5k6oPulUF-tz3s33mpV4,font,.otf,40 KB,,,False,False,linked_to_drive,cataloged,not_supplied
1fYU8wNSm6S3SAzXzRN82H9cls5rhZNrP,ITC - ITCFranklinGothicStd-Demi.otf,Brand Assets/FONTS/ITC - ITCFranklinGothicStd-Demi.otf,brand,1LCrilYumQU5U5k6oPulUF-tz3s33mpV4,https://drive.google.com/file/d/1fYU8wNSm6S3SAzXzRN82H9cls5rhZNrP/view,https://drive.google.com/drive/folders/1LCrilYumQU5U5k6oPulUF-tz3s33mpV4,font,.otf,39 KB,,,False,False,linked_to_drive,cataloged,not_supplied
1ZEfqk18SsnAoS_uJT-I9URVCEpwH3E5F,ITC - ITCFranklinGothicStd-DemiIt.otf,Brand Assets/FONTS/ITC - ITCFranklinGothicStd-DemiIt.otf,brand,1LCrilYumQU5U5k6oPulUF-tz3s33mpV4,https://drive.google.com/file/d/1ZEfqk18SsnAoS_uJT-I9URVCEpwH3E5F/view,https://drive.google.com/drive/folders/1LCrilYumQU5U5k6oPulUF-tz3s33mpV4,font,.otf,40 KB,,,False,False,linked_to_drive,cataloged,not_supplied
1OsZmyPxqa1Hr-TpaV5jH5OWHAmGAFq1W,ITC - ITCFranklinGothicStd-DmCd.otf,Brand Assets/FONTS/ITC - ITCFranklinGothicStd-DmCd.otf,brand,1LCrilYumQU5U5k6oPulUF-tz3s33mpV4,https://drive.google.com/file/d/1OsZmyPxqa1Hr-TpaV5jH5OWHAmGAFq1W/view,https://drive.google.com/drive/folders/1LCrilYumQU5U5k6oPulUF-tz3s33mpV4,font,.otf,39 KB,,,False,False,linked_to_drive,cataloged,not_supplied
1V6RSsmCcvKfiXkxnSI7dyG4hrE5cd_vM,ITC - ITCFranklinGothicStd-DmCdIt.otf,Brand Assets/FONTS/ITC - ITCFranklinGothicStd-DmCdIt.otf,brand,1LCrilYumQU5U5k6oPulUF-tz3s33mpV4,https://drive.google.com/file/d/1V6RSsmCcvKfiXkxnSI7dyG4hrE5cd_vM/view,https://drive.google.com/drive/folders/1LCrilYumQU5U5k6oPulUF-tz3s33mpV4,font,.otf,40 KB,,,False,False,linked_to_drive,cataloged,not_supplied
1HGmGEGvrlCcL9xe69u3WvvbXkHOldRk9,ITC - ITCFranklinGothicStd-DmCp.otf,Brand Assets/FONTS/ITC - ITCFranklinGothicStd-DmCp.otf,brand,1LCrilYumQU5U5k6oPulUF-tz3s33mpV4,https://drive.google.com/file/d/1HGmGEGvrlCcL9xe69u3WvvbXkHOldRk9/view,https://drive.google.com/drive/folders/1LCrilYumQU5U5k6oPulUF-tz3s33mpV4,font,.otf,38 KB,,,False,False,linked_to_drive,cataloged,not_supplied
1g0h7kmrG_3KGOaEjhxkqN9DAUjHrG95W,ITC - ITCFranklinGothicStd-DmCpIt.otf,Brand Assets/FONTS/ITC - ITCFranklinGothicStd-DmCpIt.otf,brand,1LCrilYumQU5U5k6oPulUF-tz3s33mpV4,https://drive.google.com/file/d/1g0h7kmrG_3KGOaEjhxkqN9DAUjHrG95W/view,https://drive.google.com/drive/folders/1LCrilYumQU5U5k6oPulUF-tz3s33mpV4,font,.otf,40 KB,,,False,False,linked_to_drive,cataloged,not_supplied
1y4hy-RjLt6dRKb9CvDWLZPmTU3CzZ0Ig,ITC - ITCFranklinGothicStd-DmXCp.otf,Brand Assets/FONTS/ITC - ITCFranklinGothicStd-DmXCp.otf,brand,1LCrilYumQU5U5k6oPulUF-tz3s33mpV4,https://drive.google.com/file/d/1y4hy-RjLt6dRKb9CvDWLZPmTU3CzZ0Ig/view,https://drive.google.com/drive/folders/1LCrilYumQU5U5k6oPulUF-tz3s33mpV4,font,.otf,37 KB,,,False,False,linked_to_drive,cataloged,not_supplied
16FKuZX1ifUO1XyrpqPCluTM8N9ahmYkU,ITC - ITCFranklinGothicStd-Hvy.otf,Brand Assets/FONTS/ITC - ITCFranklinGothicStd-Hvy.otf,brand,1LCrilYumQU5U5k6oPulUF-tz3s33mpV4,https://drive.google.com/file/d/16FKuZX1ifUO1XyrpqPCluTM8N9ahmYkU/view,https://drive.google.com/drive/folders/1LCrilYumQU5U5k6oPulUF-tz3s33mpV4,font,.otf,40 KB,,,False,False,linked_to_drive,cataloged,not_supplied
1fZdUAcdBoYDKjlyBFNj7zBQphYCji6J2,ITC - ITCFranklinGothicStd-HvyIt.otf,Brand Assets/FONTS/ITC - ITCFranklinGothicStd-HvyIt.otf,brand,1LCrilYumQU5U5k6oPulUF-tz3s33mpV4,https://drive.google.com/file/d/1fZdUAcdBoYDKjlyBFNj7zBQphYCji6J2/view,https://drive.google.com/drive/folders/1LCrilYumQU5U5k6oPulUF-tz3s33mpV4,font,.otf,41 KB,,,False,False,linked_to_drive,cataloged,not_supplied
1mqLgcSR7WSxN8LEI93_-1_xEkYPrE4S9,ITC - ITCFranklinGothicStd-MdCd.otf,Brand Assets/FONTS/ITC - ITCFranklinGothicStd-MdCd.otf,brand,1LCrilYumQU5U5k6oPulUF-tz3s33mpV4,https://drive.google.com/file/d/1mqLgcSR7WSxN8LEI93_-1_xEkYPrE4S9/view,https://drive.google.com/drive/folders/1LCrilYumQU5U5k6oPulUF-tz3s33mpV4,font,.otf,52 KB,,,False,False,linked_to_drive,cataloged,not_supplied
1aW5-rmLZ4A2yPVjbNYOflz7I6PTApvfT,ITC - ITCFranklinGothicStd-MdCdIt.otf,Brand Assets/FONTS/ITC - ITCFranklinGothicStd-MdCdIt.otf,brand,1LCrilYumQU5U5k6oPulUF-tz3s33mpV4,https://drive.google.com/file/d/1aW5-rmLZ4A2yPVjbNYOflz7I6PTApvfT/view,https://drive.google.com/drive/folders/1LCrilYumQU5U5k6oPulUF-tz3s33mpV4,font,.otf,39 KB,,,False,False,linked_to_drive,cataloged,not_supplied
1LAHHjCkwyEXpg7FriuTZNl8SN3V31BVa,ITC - ITCFranklinGothicStd-Med.otf,Brand Assets/FONTS/ITC - ITCFranklinGothicStd-Med.otf,brand,1LCrilYumQU5U5k6oPulUF-tz3s33mpV4,https://drive.google.com/file/d/1LAHHjCkwyEXpg7FriuTZNl8SN3V31BVa/view,https://drive.google.com/drive/folders/1LCrilYumQU5U5k6oPulUF-tz3s33mpV4,font,.otf,39 KB,,,False,False,linked_to_drive,cataloged,not_supplied
1LAU_Hre554dul_0-UqNg5QdLTY8_4zvi,ITC - ITCFranklinGothicStd-MedIt.otf,Brand Assets/FONTS/ITC - ITCFranklinGothicStd-MedIt.otf,brand,1LCrilYumQU5U5k6oPulUF-tz3s33mpV4,https://drive.google.com/file/d/1LAU_Hre554dul_0-UqNg5QdLTY8_4zvi/view,https://drive.google.com/drive/folders/1LCrilYumQU5U5k6oPulUF-tz3s33mpV4,font,.otf,40 KB,,,False,False,linked_to_drive,cataloged,not_supplied
1PDPyjaWjgbfXDJooI-9fRrR4RPzN3XUe,14247 Asset Card Designer Highlights Breegan Jane 1.jpg,Brand Assets/Influencer/14247 Asset Card Designer Highlights Breegan Jane 1.jpg,brand,1SpoFuFbBqDpYOsYA6m-OumOhdtDrkeZs,https://drive.google.com/file/d/1PDPyjaWjgbfXDJooI-9fRrR4RPzN3XUe/view,https://drive.google.com/drive/folders/1SpoFuFbBqDpYOsYA6m-OumOhdtDrkeZs,image,.jpg,339 KB,,,False,False,linked_to_drive,cataloged,not_supplied
1vvJJdfYbTaHqbYdm1Vvnux1FE5cRI8Pv,14247 Asset Card Designer Highlights Laurie March 1.jpg,Brand Assets/Influencer/14247 Asset Card Designer Highlights Laurie March 1.jpg,brand,1SpoFuFbBqDpYOsYA6m-OumOhdtDrkeZs,https://drive.google.com/file/d/1vvJJdfYbTaHqbYdm1Vvnux1FE5cRI8Pv/view,https://drive.google.com/drive/folders/1SpoFuFbBqDpYOsYA6m-OumOhdtDrkeZs,image,.jpg,474 KB,,,False,False,linked_to_drive,cataloged,not_supplied
1ukYm-luW649U7zWw9_pPTmU3rLc4az8c,CLM JD Power CA 1 Pos H 2022 13159 CMYK.psd,Brand Assets/LOGOS/CLM JD Power CA 1 Pos H 2022 13159 CMYK.psd,brand,1yWKh6Z9wgXRsyfZU8DgvPFdKVTDay0OP,https://drive.google.com/file/d/1ukYm-luW649U7zWw9_pPTmU3rLc4az8c/view,https://drive.google.com/drive/folders/1yWKh6Z9wgXRsyfZU8DgvPFdKVTDay0OP,layered image,.psd,1.9 MB,,,False,False,linked_to_drive,cataloged,not_supplied
1Km9BIYJ1ValrQ6cnr6c8EIqzIJE5D6wR,CLM JD Power US 1 3YR Pos H 2022 13159 CMYK.jpg,Brand Assets/LOGOS/CLM JD Power US 1 3YR Pos H 2022 13159 CMYK.jpg,brand,1yWKh6Z9wgXRsyfZU8DgvPFdKVTDay0OP,https://drive.google.com/file/d/1Km9BIYJ1ValrQ6cnr6c8EIqzIJE5D6wR/view,https://drive.google.com/drive/folders/1yWKh6Z9wgXRsyfZU8DgvPFdKVTDay0OP,image,.jpg,343 KB,,,False,False,linked_to_drive,cataloged,not_supplied
1BDQ8WZZfXqr2GrNdvfxTv2F0N5hNadz2,CLM JD Power US 1 3YR Pos H 2022 13159 RGB.psd,Brand Assets/LOGOS/CLM JD Power US 1 3YR Pos H 2022 13159 RGB.psd,brand,1yWKh6Z9wgXRsyfZU8DgvPFdKVTDay0OP,https://drive.google.com/file/d/1BDQ8WZZfXqr2GrNdvfxTv2F0N5hNadz2/view,https://drive.google.com/drive/folders/1yWKh6Z9wgXRsyfZU8DgvPFdKVTDay0OP,layered image,.psd,2.9 MB,,,False,False,linked_to_drive,cataloged,not_supplied
1EC7yi_hU1fXWNJEvu9n9DOffPEqV6XQt,CLM JD Power US 1 3YR Pos V 2022 13159 CMYK.jpg,Brand Assets/LOGOS/CLM JD Power US 1 3YR Pos V 2022 13159 CMYK.jpg,brand,1yWKh6Z9wgXRsyfZU8DgvPFdKVTDay0OP,https://drive.google.com/file/d/1EC7yi_hU1fXWNJEvu9n9DOffPEqV6XQt/view,https://drive.google.com/drive/folders/1yWKh6Z9wgXRsyfZU8DgvPFdKVTDay0OP,image,.jpg,394 KB,,,False,False,linked_to_drive,cataloged,not_supplied
1rhBJu5ARvDwzBL-32anB-vfSWAIh_3U7,ILLO Heroes Delta Formation 12479 RGB.ai,Brand Assets/LOGOS/ILLO Heroes Delta Formation 12479 RGB.ai,brand,1yWKh6Z9wgXRsyfZU8DgvPFdKVTDay0OP,https://drive.google.com/file/d/1rhBJu5ARvDwzBL-32anB-vfSWAIh_3U7/view,https://drive.google.com/drive/folders/1yWKh6Z9wgXRsyfZU8DgvPFdKVTDay0OP,vector,.ai,659 KB,,,False,False,linked_to_drive,cataloged,not_supplied
1Tx8L6Xz5SHCVPvjYT2viUmJgZ85bGeRs,LOGO BBB Accredited Business Vert K (1).ai,Brand Assets/LOGOS/LOGO BBB Accredited Business Vert K (1).ai,brand,1yWKh6Z9wgXRsyfZU8DgvPFdKVTDay0OP,https://drive.google.com/file/d/1Tx8L6Xz5SHCVPvjYT2viUmJgZ85bGeRs/view,https://drive.google.com/drive/folders/1yWKh6Z9wgXRsyfZU8DgvPFdKVTDay0OP,vector,.ai,1 MB,,,False,False,linked_to_drive,cataloged,not_supplied
19bk_iLhb6oNxiS0v6KMSQLdRKQfO_-OZ,LOGO Certifed Master Installer Horizontal CMYK.ai,Brand Assets/LOGOS/LOGO Certifed Master Installer Horizontal CMYK.ai,brand,1yWKh6Z9wgXRsyfZU8DgvPFdKVTDay0OP,https://drive.google.com/file/d/19bk_iLhb6oNxiS0v6KMSQLdRKQfO_-OZ/view,https://drive.google.com/drive/folders/1yWKh6Z9wgXRsyfZU8DgvPFdKVTDay0OP,vector,.ai,1.2 MB,,,False,False,linked_to_drive,cataloged,not_supplied
1wuts7Hd-Bs-bQcl9rk3hNnt-AhCoGPn4,LOGO Energy Star Ask About K (1).ai,Brand Assets/LOGOS/LOGO Energy Star Ask About K (1).ai,brand,1yWKh6Z9wgXRsyfZU8DgvPFdKVTDay0OP,https://drive.google.com/file/d/1wuts7Hd-Bs-bQcl9rk3hNnt-AhCoGPn4/view,https://drive.google.com/drive/folders/1yWKh6Z9wgXRsyfZU8DgvPFdKVTDay0OP,vector,.ai,990 KB,,,False,False,linked_to_drive,cataloged,not_supplied
10cbRj7fX6Lhp71OOwzH40Yv8eOy1lBB0,LOGO Energy Star Partner Sustained Excellence 2022 RGB.ai,Brand Assets/LOGOS/LOGO Energy Star Partner Sustained Excellence 2022 RGB.ai,brand,1yWKh6Z9wgXRsyfZU8DgvPFdKVTDay0OP,https://drive.google.com/file/d/10cbRj7fX6Lhp71OOwzH40Yv8eOy1lBB0/view,https://drive.google.com/drive/folders/1yWKh6Z9wgXRsyfZU8DgvPFdKVTDay0OP,vector,.ai,302 KB,,,False,False,linked_to_drive,cataloged,not_supplied
12HBhFMM5lAxpkGF5xAHkB5ulZwDJcirz,LOGO Fibrex Material K.ai,Brand Assets/LOGOS/LOGO Fibrex Material K.ai,brand,1yWKh6Z9wgXRsyfZU8DgvPFdKVTDay0OP,https://drive.google.com/file/d/12HBhFMM5lAxpkGF5xAHkB5ulZwDJcirz/view,https://drive.google.com/drive/folders/1yWKh6Z9wgXRsyfZU8DgvPFdKVTDay0OP,vector,.ai,899 KB,,,False,False,linked_to_drive,cataloged,not_supplied
1Dk-hcAHF_dGl9GXuVM9KhoprLHxR73D4,LOGO Fibrex Material Vastly Superior Supporting Endures Heat K.ai,Brand Assets/LOGOS/LOGO Fibrex Material Vastly Superior Supporting Endures Heat K.ai,brand,1yWKh6Z9wgXRsyfZU8DgvPFdKVTDay0OP,https://drive.google.com/file/d/1Dk-hcAHF_dGl9GXuVM9KhoprLHxR73D4/view,https://drive.google.com/drive/folders/1yWKh6Z9wgXRsyfZU8DgvPFdKVTDay0OP,vector,.ai,1.1 MB,,,False,False,linked_to_drive,cataloged,not_supplied
1Ak_dXSKz6TY9ufeQwbeiXk2AqhqK0ijR,LOGO Fibrex Material Vastly Superior Supporting Scratch Resistance K.ai,Brand Assets/LOGOS/LOGO Fibrex Material Vastly Superior Supporting Scratch Resistance K.ai,brand,1yWKh6Z9wgXRsyfZU8DgvPFdKVTDay0OP,https://drive.google.com/file/d/1Ak_dXSKz6TY9ufeQwbeiXk2AqhqK0ijR/view,https://drive.google.com/drive/folders/1yWKh6Z9wgXRsyfZU8DgvPFdKVTDay0OP,vector,.ai,1.1 MB,,,False,False,linked_to_drive,cataloged,not_supplied
1k9LYWeVli9znthgrgVlI-5eqw7VaXIof,LOGO RbA Cares Horizontal 3C.ai,Brand Assets/LOGOS/LOGO RbA Cares Horizontal 3C.ai,brand,1yWKh6Z9wgXRsyfZU8DgvPFdKVTDay0OP,https://drive.google.com/file/d/1k9LYWeVli9znthgrgVlI-5eqw7VaXIof/view,https://drive.google.com/drive/folders/1yWKh6Z9wgXRsyfZU8DgvPFdKVTDay0OP,vector,.ai,1.2 MB,,,False,False,linked_to_drive,cataloged,not_supplied
1whGrAb12T4NTlORoC9ENjt4XKl1BSnCr,LOGO RbA Horizontal Shield Embroidery 3-5 Wide 3C 2.ai,Brand Assets/LOGOS/LOGO RbA Horizontal Shield Embroidery 3-5 Wide 3C 2.ai,brand,1yWKh6Z9wgXRsyfZU8DgvPFdKVTDay0OP,https://drive.google.com/file/d/1whGrAb12T4NTlORoC9ENjt4XKl1BSnCr/view,https://drive.google.com/drive/folders/1yWKh6Z9wgXRsyfZU8DgvPFdKVTDay0OP,vector,.ai,1.1 MB,,,False,False,linked_to_drive,cataloged,not_supplied
1tBC1vSfe9aXYnvqdR1mZ0hL63Ao3lD8h,LOGO RbA Horizontal Shield Embroidery 3-5 Wide 3C.ai,Brand Assets/LOGOS/LOGO RbA Horizontal Shield Embroidery 3-5 Wide 3C.ai,brand,1yWKh6Z9wgXRsyfZU8DgvPFdKVTDay0OP,https://drive.google.com/file/d/1tBC1vSfe9aXYnvqdR1mZ0hL63Ao3lD8h/view,https://drive.google.com/drive/folders/1yWKh6Z9wgXRsyfZU8DgvPFdKVTDay0OP,vector,.ai,1.1 MB,,,False,False,linked_to_drive,cataloged,not_supplied
12BWjj_x7jMbMH2hZaDQCzF1EaU9fEV98,LOGO Signature Service Primary Reverse CMYK.ai,Brand Assets/LOGOS/LOGO Signature Service Primary Reverse CMYK.ai,brand,1yWKh6Z9wgXRsyfZU8DgvPFdKVTDay0OP,https://drive.google.com/file/d/12BWjj_x7jMbMH2hZaDQCzF1EaU9fEV98/view,https://drive.google.com/drive/folders/1yWKh6Z9wgXRsyfZU8DgvPFdKVTDay0OP,vector,.ai,1.3 MB,,,False,False,linked_to_drive,cataloged,not_supplied
1OvEOnBWRf0Tvs_OGQLlN9iMY9iyULwDp,LOGO Signature Service Secondary 2C 2.ai,Brand Assets/LOGOS/LOGO Signature Service Secondary 2C 2.ai,brand,1yWKh6Z9wgXRsyfZU8DgvPFdKVTDay0OP,https://drive.google.com/file/d/1OvEOnBWRf0Tvs_OGQLlN9iMY9iyULwDp/view,https://drive.google.com/drive/folders/1yWKh6Z9wgXRsyfZU8DgvPFdKVTDay0OP,vector,.ai,1.3 MB,,,False,False,linked_to_drive,cataloged,not_supplied
19xUb-BAliJ4tQo2bSY1Wr3GFriQXAqnP,LOGO Signature Service Secondary 2C.ai,Brand Assets/LOGOS/LOGO Signature Service Secondary 2C.ai,brand,1yWKh6Z9wgXRsyfZU8DgvPFdKVTDay0OP,https://drive.google.com/file/d/19xUb-BAliJ4tQo2bSY1Wr3GFriQXAqnP/view,https://drive.google.com/drive/folders/1yWKh6Z9wgXRsyfZU8DgvPFdKVTDay0OP,vector,.ai,1.3 MB,,,False,False,linked_to_drive,cataloged,not_supplied
16HAoZdJ7feRfnj7A_OpKZYFBZ-BY3-My,LOGO Warranty Nations Best CMYK.ai,Brand Assets/LOGOS/LOGO Warranty Nations Best CMYK.ai,brand,1yWKh6Z9wgXRsyfZU8DgvPFdKVTDay0OP,https://drive.google.com/file/d/16HAoZdJ7feRfnj7A_OpKZYFBZ-BY3-My/view,https://drive.google.com/drive/folders/1yWKh6Z9wgXRsyfZU8DgvPFdKVTDay0OP,vector,.ai,"1,015 KB",,,False,False,linked_to_drive,cataloged,not_supplied
1gvYrUlK9Rlbe6OuzjSRQ7JbdvHfBzOC6,horizontal logo_black CMYK.ai,Brand Assets/LOGOS/New Primary Logo/horizontal logo_black CMYK.ai,brand,1GYo7PVZwhwVrirJtOOzwtgjLDPkkxCUv,https://drive.google.com/file/d/1gvYrUlK9Rlbe6OuzjSRQ7JbdvHfBzOC6/view,https://drive.google.com/drive/folders/1GYo7PVZwhwVrirJtOOzwtgjLDPkkxCUv,vector,.ai,1.1 MB,,,False,False,linked_to_drive,cataloged,not_supplied
1CfC6DCbekJWGEfKJ4MnFzddOwySR59sa,horizontal logo_black RGB.ai,Brand Assets/LOGOS/New Primary Logo/horizontal logo_black RGB.ai,brand,1GYo7PVZwhwVrirJtOOzwtgjLDPkkxCUv,https://drive.google.com/file/d/1CfC6DCbekJWGEfKJ4MnFzddOwySR59sa/view,https://drive.google.com/drive/folders/1GYo7PVZwhwVrirJtOOzwtgjLDPkkxCUv,vector,.ai,280 KB,,,False,False,linked_to_drive,cataloged,not_supplied
1NsTfw8audEX9xDNMxb4h_uH9x7B4V1G2,horizontal logo_white CMYK.ai,Brand Assets/LOGOS/New Primary Logo/horizontal logo_white CMYK.ai,brand,1GYo7PVZwhwVrirJtOOzwtgjLDPkkxCUv,https://drive.google.com/file/d/1NsTfw8audEX9xDNMxb4h_uH9x7B4V1G2/view,https://drive.google.com/drive/folders/1GYo7PVZwhwVrirJtOOzwtgjLDPkkxCUv,vector,.ai,1.1 MB,,,False,False,linked_to_drive,cataloged,not_supplied
124YWofDHp08l6rHWdnTTHWmkxKJLUAfQ,horizontal logo_white RGB.ai,Brand Assets/LOGOS/New Primary Logo/horizontal logo_white RGB.ai,brand,1GYo7PVZwhwVrirJtOOzwtgjLDPkkxCUv,https://drive.google.com/file/d/124YWofDHp08l6rHWdnTTHWmkxKJLUAfQ/view,https://drive.google.com/drive/folders/1GYo7PVZwhwVrirJtOOzwtgjLDPkkxCUv,vector,.ai,271 KB,,,False,False,linked_to_drive,cataloged,not_supplied
1Il9rkkRS1aeIkab6sWVldF5UGEXh1cfO,LOGO RbA Tagline Horizontal 1C.ai,Brand Assets/LOGOS/New Primary Logo/LOGO RbA Tagline Horizontal 1C.ai,brand,1GYo7PVZwhwVrirJtOOzwtgjLDPkkxCUv,https://drive.google.com/file/d/1Il9rkkRS1aeIkab6sWVldF5UGEXh1cfO/view,https://drive.google.com/drive/folders/1GYo7PVZwhwVrirJtOOzwtgjLDPkkxCUv,vector,.ai,1.1 MB,,,False,False,linked_to_drive,cataloged,not_supplied
1PhWgK3F519wit-8HM5mxPZI9ncL5yGY6,LOGO RbA Tagline Horizontal 2C.ai,Brand Assets/LOGOS/New Primary Logo/LOGO RbA Tagline Horizontal 2C.ai,brand,1GYo7PVZwhwVrirJtOOzwtgjLDPkkxCUv,https://drive.google.com/file/d/1PhWgK3F519wit-8HM5mxPZI9ncL5yGY6/view,https://drive.google.com/drive/folders/1GYo7PVZwhwVrirJtOOzwtgjLDPkkxCUv,vector,.ai,1.1 MB,,,False,False,linked_to_drive,cataloged,not_supplied
1wPfVHefxP1UDv-dm-txUS4o2vkMMm5ur,LOGO RbA Tagline Horizontal 3C.ai,Brand Assets/LOGOS/New Primary Logo/LOGO RbA Tagline Horizontal 3C.ai,brand,1GYo7PVZwhwVrirJtOOzwtgjLDPkkxCUv,https://drive.google.com/file/d/1wPfVHefxP1UDv-dm-txUS4o2vkMMm5ur/view,https://drive.google.com/drive/folders/1GYo7PVZwhwVrirJtOOzwtgjLDPkkxCUv,vector,.ai,1.1 MB,,,False,False,linked_to_drive,cataloged,not_supplied
11q3cyNiy7ETRfy8XaM9ajUyA4jdJeV2f,LOGO RbA Tagline Horizontal K.ai,Brand Assets/LOGOS/New Primary Logo/LOGO RbA Tagline Horizontal K.ai,brand,1GYo7PVZwhwVrirJtOOzwtgjLDPkkxCUv,https://drive.google.com/file/d/11q3cyNiy7ETRfy8XaM9ajUyA4jdJeV2f/view,https://drive.google.com/drive/folders/1GYo7PVZwhwVrirJtOOzwtgjLDPkkxCUv,vector,.ai,1.1 MB,,,False,False,linked_to_drive,cataloged,not_supplied
1pHAxmG2KfQ8HeHgJAzPxcv_FNHdr4sAR,LOGO RbA Tagline Horizontal Reverse CMYK.ai,Brand Assets/LOGOS/New Primary Logo/LOGO RbA Tagline Horizontal Reverse CMYK.ai,brand,1GYo7PVZwhwVrirJtOOzwtgjLDPkkxCUv,https://drive.google.com/file/d/1pHAxmG2KfQ8HeHgJAzPxcv_FNHdr4sAR/view,https://drive.google.com/drive/folders/1GYo7PVZwhwVrirJtOOzwtgjLDPkkxCUv,vector,.ai,1.1 MB,,,False,False,linked_to_drive,cataloged,not_supplied
19cdfibl-8SFE_OdpXTbbK5thAnzv6nXY,LOGO RbA Tagline Horizontal Reverse RGB.ai,Brand Assets/LOGOS/New Primary Logo/LOGO RbA Tagline Horizontal Reverse RGB.ai,brand,1GYo7PVZwhwVrirJtOOzwtgjLDPkkxCUv,https://drive.google.com/file/d/19cdfibl-8SFE_OdpXTbbK5thAnzv6nXY/view,https://drive.google.com/drive/folders/1GYo7PVZwhwVrirJtOOzwtgjLDPkkxCUv,vector,.ai,272 KB,,,False,False,linked_to_drive,cataloged,not_supplied
1eCD9yzv2MbaywyQ13_s_ReHdvN9xSamg,LOGO RbA Tagline Vertical 1C.ai,Brand Assets/LOGOS/New Primary Logo/LOGO RbA Tagline Vertical 1C.ai,brand,1GYo7PVZwhwVrirJtOOzwtgjLDPkkxCUv,https://drive.google.com/file/d/1eCD9yzv2MbaywyQ13_s_ReHdvN9xSamg/view,https://drive.google.com/drive/folders/1GYo7PVZwhwVrirJtOOzwtgjLDPkkxCUv,vector,.ai,285 KB,,,False,False,linked_to_drive,cataloged,not_supplied
1-rV9u-MJxSRKcNSG2KsjttQdzWGh-RXh,LOGO RbA Tagline Vertical 2C.ai,Brand Assets/LOGOS/New Primary Logo/LOGO RbA Tagline Vertical 2C.ai,brand,1GYo7PVZwhwVrirJtOOzwtgjLDPkkxCUv,https://drive.google.com/file/d/1-rV9u-MJxSRKcNSG2KsjttQdzWGh-RXh/view,https://drive.google.com/drive/folders/1GYo7PVZwhwVrirJtOOzwtgjLDPkkxCUv,vector,.ai,284 KB,,,False,False,linked_to_drive,cataloged,not_supplied
1NSX6Mvay0KrqDzmGxHN5L4JG-_QjXv3w,LOGO RbA Tagline Vertical 3C.ai,Brand Assets/LOGOS/New Primary Logo/LOGO RbA Tagline Vertical 3C.ai,brand,1GYo7PVZwhwVrirJtOOzwtgjLDPkkxCUv,https://drive.google.com/file/d/1NSX6Mvay0KrqDzmGxHN5L4JG-_QjXv3w/view,https://drive.google.com/drive/folders/1GYo7PVZwhwVrirJtOOzwtgjLDPkkxCUv,vector,.ai,289 KB,,,False,False,linked_to_drive,cataloged,not_supplied
1tNKxouKx0tC8lVY2s8pefN7krCE0HE6s,LOGO RbA Tagline Vertical K.ai,Brand Assets/LOGOS/New Primary Logo/LOGO RbA Tagline Vertical K.ai,brand,1GYo7PVZwhwVrirJtOOzwtgjLDPkkxCUv,https://drive.google.com/file/d/1tNKxouKx0tC8lVY2s8pefN7krCE0HE6s/view,https://drive.google.com/drive/folders/1GYo7PVZwhwVrirJtOOzwtgjLDPkkxCUv,vector,.ai,287 KB,,,False,False,linked_to_drive,cataloged,not_supplied
1CzlotwKbOL8q0EK9nkdwpiLJk1kiB3FU,portrait logo_black CMYK.ai,Brand Assets/LOGOS/New Primary Logo/portrait logo_black CMYK.ai,brand,1GYo7PVZwhwVrirJtOOzwtgjLDPkkxCUv,https://drive.google.com/file/d/1CzlotwKbOL8q0EK9nkdwpiLJk1kiB3FU/view,https://drive.google.com/drive/folders/1GYo7PVZwhwVrirJtOOzwtgjLDPkkxCUv,vector,.ai,289 KB,,,False,False,linked_to_drive,cataloged,not_supplied
1Rg4GJY1KaQYrTAqPDALQ1bu_QkHAsxuL,portrait logo_black RGB.ai,Brand Assets/LOGOS/New Primary Logo/portrait logo_black RGB.ai,brand,1GYo7PVZwhwVrirJtOOzwtgjLDPkkxCUv,https://drive.google.com/file/d/1Rg4GJY1KaQYrTAqPDALQ1bu_QkHAsxuL/view,https://drive.google.com/drive/folders/1GYo7PVZwhwVrirJtOOzwtgjLDPkkxCUv,vector,.ai,281 KB,,,False,False,linked_to_drive,cataloged,not_supplied
1r28BHLzFoVgH9DSqmG0Qql15dtHts9-r,portrait logo_white CMYK.ai,Brand Assets/LOGOS/New Primary Logo/portrait logo_white CMYK.ai,brand,1GYo7PVZwhwVrirJtOOzwtgjLDPkkxCUv,https://drive.google.com/file/d/1r28BHLzFoVgH9DSqmG0Qql15dtHts9-r/view,https://drive.google.com/drive/folders/1GYo7PVZwhwVrirJtOOzwtgjLDPkkxCUv,vector,.ai,270 KB,,,False,False,linked_to_drive,cataloged,not_supplied
1nTcroBQsGUpn4aeCC5Zqs4qyqpceq9Ea,portrait logo_white RGB.ai,Brand Assets/LOGOS/New Primary Logo/portrait logo_white RGB.ai,brand,1GYo7PVZwhwVrirJtOOzwtgjLDPkkxCUv,https://drive.google.com/file/d/1nTcroBQsGUpn4aeCC5Zqs4qyqpceq9Ea/view,https://drive.google.com/drive/folders/1GYo7PVZwhwVrirJtOOzwtgjLDPkkxCUv,vector,.ai,264 KB,,,False,False,linked_to_drive,cataloged,not_supplied
1Gu9dFXXTpa50FeNNZ7orpLgWDLj1wK9p,PHTO Product Fibrex Corner 2004 1A CMYK.psd,Brand Assets/LOGOS/PHTO Product Fibrex Corner 2004 1A CMYK.psd,brand,1yWKh6Z9wgXRsyfZU8DgvPFdKVTDay0OP,https://drive.google.com/file/d/1Gu9dFXXTpa50FeNNZ7orpLgWDLj1wK9p/view,https://drive.google.com/drive/folders/1yWKh6Z9wgXRsyfZU8DgvPFdKVTDay0OP,layered image,.psd,1.3 MB,,,False,False,linked_to_drive,cataloged,not_supplied
1RLd-VqzYkNNUKWVf1XLb0nqmD8c0_sMe,VLTR Custom Built in the USA Standalone CMYK.ai,Brand Assets/LOGOS/VLTR Custom Built in the USA Standalone CMYK.ai,brand,1yWKh6Z9wgXRsyfZU8DgvPFdKVTDay0OP,https://drive.google.com/file/d/1RLd-VqzYkNNUKWVf1XLb0nqmD8c0_sMe/view,https://drive.google.com/drive/folders/1yWKh6Z9wgXRsyfZU8DgvPFdKVTDay0OP,vector,.ai,1.6 MB,,,False,False,linked_to_drive,cataloged,not_supplied
18ppiIaC0u6OTFXRENQA-UsESKQHqOAnC,gliding patio beauty 3.png,Brand Assets/Patio Doors/gliding patio beauty 3.png,brand,1ESyX3UonNuh47FZDgNnNmH38y3qWGOys,https://drive.google.com/file/d/18ppiIaC0u6OTFXRENQA-UsESKQHqOAnC/view,https://drive.google.com/drive/folders/1ESyX3UonNuh47FZDgNnNmH38y3qWGOys,image,.png,50.5 MB,,,False,False,linked_to_drive,cataloged,not_supplied
14cjEhOXtNoKxWcUg0QhCPMBTOfasyVcb,hinged patio beauty 3.png,Brand Assets/Patio Doors/hinged patio beauty 3.png,brand,1ESyX3UonNuh47FZDgNnNmH38y3qWGOys,https://drive.google.com/file/d/14cjEhOXtNoKxWcUg0QhCPMBTOfasyVcb/view,https://drive.google.com/drive/folders/1ESyX3UonNuh47FZDgNnNmH38y3qWGOys,image,.png,6.5 MB,,,False,False,linked_to_drive,cataloged,not_supplied
1plU0Va_pCMMLKzRJAeByQDoQdhM5uy5g,hinged patio door.png,Brand Assets/Patio Doors/hinged patio door.png,brand,1ESyX3UonNuh47FZDgNnNmH38y3qWGOys,https://drive.google.com/file/d/1plU0Va_pCMMLKzRJAeByQDoQdhM5uy5g/view,https://drive.google.com/drive/folders/1ESyX3UonNuh47FZDgNnNmH38y3qWGOys,image,.png,23.4 MB,,,False,False,linked_to_drive,cataloged,not_supplied
1GhXP0GNMN_5q7AqDmQWovybY2oZBEf1n,PHTO Andersen Patio Door 400 Series Gliding 2014 12265A RGB.png,Brand Assets/Patio Doors/PHTO Andersen Patio Door 400 Series Gliding 2014 12265A RGB.png,brand,1ESyX3UonNuh47FZDgNnNmH38y3qWGOys,https://drive.google.com/file/d/1GhXP0GNMN_5q7AqDmQWovybY2oZBEf1n/view,https://drive.google.com/drive/folders/1ESyX3UonNuh47FZDgNnNmH38y3qWGOys,image,.png,19.3 MB,,,False,False,linked_to_drive,cataloged,not_supplied
1T4vYqE_FeV4SUG2fqhcYBiI-Efp7I4um,PHTO Andersen Patio Door Narroline Black 2018 17968A RGB.png,Brand Assets/Patio Doors/PHTO Andersen Patio Door Narroline Black 2018 17968A RGB.png,brand,1ESyX3UonNuh47FZDgNnNmH38y3qWGOys,https://drive.google.com/file/d/1T4vYqE_FeV4SUG2fqhcYBiI-Efp7I4um/view,https://drive.google.com/drive/folders/1ESyX3UonNuh47FZDgNnNmH38y3qWGOys,image,.png,5.6 MB,,,False,False,linked_to_drive,cataloged,not_supplied
1GFRS5GUtNfvv5pKH2yIB1xWedDQ5hlWI,product-intro-image_patio_200-series_1x1.avif,Brand Assets/Patio Doors/product-intro-image_patio_200-series_1x1.avif,brand,1ESyX3UonNuh47FZDgNnNmH38y3qWGOys,https://drive.google.com/file/d/1GFRS5GUtNfvv5pKH2yIB1xWedDQ5hlWI/view,https://drive.google.com/drive/folders/1ESyX3UonNuh47FZDgNnNmH38y3qWGOys,image,.avif,20 KB,,1:1,False,False,linked_to_drive,cataloged,not_supplied
1FawD_CSMgdh2IcXET4KFM8Yu4li_KZkx,product-intro-image_patio_400-series_sliding_1x1.avif,Brand Assets/Patio Doors/product-intro-image_patio_400-series_sliding_1x1.avif,brand,1ESyX3UonNuh47FZDgNnNmH38y3qWGOys,https://drive.google.com/file/d/1FawD_CSMgdh2IcXET4KFM8Yu4li_KZkx/view,https://drive.google.com/drive/folders/1ESyX3UonNuh47FZDgNnNmH38y3qWGOys,image,.avif,19 KB,,1:1,False,False,linked_to_drive,cataloged,not_supplied
11Ee1Q-_8HARiXGnQlegBwVSfmzuF5d3N,product-intro-image_patio_a-series_hinged_1x1.avif,Brand Assets/Patio Doors/product-intro-image_patio_a-series_hinged_1x1.avif,brand,1ESyX3UonNuh47FZDgNnNmH38y3qWGOys,https://drive.google.com/file/d/11Ee1Q-_8HARiXGnQlegBwVSfmzuF5d3N/view,https://drive.google.com/drive/folders/1ESyX3UonNuh47FZDgNnNmH38y3qWGOys,image,.avif,11 KB,,1:1,False,False,linked_to_drive,cataloged,not_supplied
1uyrysLxsowebINixjLCZID0ILsJv_JVo,product-intro-image_patio_a-series_sliding_1x1.avif,Brand Assets/Patio Doors/product-intro-image_patio_a-series_sliding_1x1.avif,brand,1ESyX3UonNuh47FZDgNnNmH38y3qWGOys,https://drive.google.com/file/d/1uyrysLxsowebINixjLCZID0ILsJv_JVo/view,https://drive.google.com/drive/folders/1ESyX3UonNuh47FZDgNnNmH38y3qWGOys,image,.avif,21 KB,,1:1,False,False,linked_to_drive,cataloged,not_supplied
1iCXxM-JzZjKyRG7562nu8s5_nzrKomai,product-intro-image_patio_hinged_1x1.avif,Brand Assets/Patio Doors/product-intro-image_patio_hinged_1x1.avif,brand,1ESyX3UonNuh47FZDgNnNmH38y3qWGOys,https://drive.google.com/file/d/1iCXxM-JzZjKyRG7562nu8s5_nzrKomai/view,https://drive.google.com/drive/folders/1ESyX3UonNuh47FZDgNnNmH38y3qWGOys,image,.avif,21 KB,,1:1,False,False,linked_to_drive,cataloged,not_supplied
1Z9e9bScSWwooqm7kI9oQM5nLUWvTpcWJ,Screenshot 2026-02-12 at 9.29.46 AM.png,Brand Assets/Patio Doors/Screenshot 2026-02-12 at 9.29.46 AM.png,brand,1ESyX3UonNuh47FZDgNnNmH38y3qWGOys,https://drive.google.com/file/d/1Z9e9bScSWwooqm7kI9oQM5nLUWvTpcWJ/view,https://drive.google.com/drive/folders/1ESyX3UonNuh47FZDgNnNmH38y3qWGOys,image,.png,"1,021 KB",,,False,False,linked_to_drive,cataloged,not_supplied
199lVXr5QHOozkvTKK-4QW7V7vXwGEj-q,Screenshot 2026-02-12 at 9.30.02 AM.png,Brand Assets/Patio Doors/Screenshot 2026-02-12 at 9.30.02 AM.png,brand,1ESyX3UonNuh47FZDgNnNmH38y3qWGOys,https://drive.google.com/file/d/199lVXr5QHOozkvTKK-4QW7V7vXwGEj-q/view,https://drive.google.com/drive/folders/1ESyX3UonNuh47FZDgNnNmH38y3qWGOys,image,.png,1.2 MB,,,False,False,linked_to_drive,cataloged,not_supplied
1HfnOBtPIHlRLwVG-nW577ovFaBhyL6uA,Screenshot 2026-02-12 at 9.30.12 AM.png,Brand Assets/Patio Doors/Screenshot 2026-02-12 at 9.30.12 AM.png,brand,1ESyX3UonNuh47FZDgNnNmH38y3qWGOys,https://drive.google.com/file/d/1HfnOBtPIHlRLwVG-nW577ovFaBhyL6uA/view,https://drive.google.com/drive/folders/1ESyX3UonNuh47FZDgNnNmH38y3qWGOys,image,.png,1 MB,,,False,False,linked_to_drive,cataloged,not_supplied
1pRd3HPdF1opQxix6yp2rGYx8ShWL61vg,Screenshot 2026-02-12 at 9.30.22 AM.png,Brand Assets/Patio Doors/Screenshot 2026-02-12 at 9.30.22 AM.png,brand,1ESyX3UonNuh47FZDgNnNmH38y3qWGOys,https://drive.google.com/file/d/1pRd3HPdF1opQxix6yp2rGYx8ShWL61vg/view,https://drive.google.com/drive/folders/1ESyX3UonNuh47FZDgNnNmH38y3qWGOys,image,.png,896 KB,,,False,False,linked_to_drive,cataloged,not_supplied
1UUJSe17IM3HmavuBdrasyEe0oTUCk8sE,Screenshot 2026-02-12 at 9.30.31 AM.png,Brand Assets/Patio Doors/Screenshot 2026-02-12 at 9.30.31 AM.png,brand,1ESyX3UonNuh47FZDgNnNmH38y3qWGOys,https://drive.google.com/file/d/1UUJSe17IM3HmavuBdrasyEe0oTUCk8sE/view,https://drive.google.com/drive/folders/1ESyX3UonNuh47FZDgNnNmH38y3qWGOys,image,.png,847 KB,,,False,False,linked_to_drive,cataloged,not_supplied
13KS6GojQ_lONkfEe2O6vewQqXNbm4d87,Screenshot 2026-02-12 at 9.30.42 AM.png,Brand Assets/Patio Doors/Screenshot 2026-02-12 at 9.30.42 AM.png,brand,1ESyX3UonNuh47FZDgNnNmH38y3qWGOys,https://drive.google.com/file/d/13KS6GojQ_lONkfEe2O6vewQqXNbm4d87/view,https://drive.google.com/drive/folders/1ESyX3UonNuh47FZDgNnNmH38y3qWGOys,image,.png,1.4 MB,,,False,False,linked_to_drive,cataloged,not_supplied
1VNyNkA7qr1xG28RYNyLKHQyovjWno5R5,Screenshot 2026-02-12 at 9.31.04 AM.png,Brand Assets/Patio Doors/Screenshot 2026-02-12 at 9.31.04 AM.png,brand,1ESyX3UonNuh47FZDgNnNmH38y3qWGOys,https://drive.google.com/file/d/1VNyNkA7qr1xG28RYNyLKHQyovjWno5R5/view,https://drive.google.com/drive/folders/1ESyX3UonNuh47FZDgNnNmH38y3qWGOys,image,.png,1.5 MB,,,False,False,linked_to_drive,cataloged,not_supplied
1EZgmDusplV7xAMVFoVJ_E90m3A7k0gEb,Screenshot 2026-02-12 at 9.31.34 AM.png,Brand Assets/Patio Doors/Screenshot 2026-02-12 at 9.31.34 AM.png,brand,1ESyX3UonNuh47FZDgNnNmH38y3qWGOys,https://drive.google.com/file/d/1EZgmDusplV7xAMVFoVJ_E90m3A7k0gEb/view,https://drive.google.com/drive/folders/1ESyX3UonNuh47FZDgNnNmH38y3qWGOys,image,.png,1.1 MB,,,False,False,linked_to_drive,cataloged,not_supplied
12A_xVa_hKoyZohKL6SpWSSmYAnt9iE-n,Screenshot 2026-02-12 at 9.32.02 AM.png,Brand Assets/Patio Doors/Screenshot 2026-02-12 at 9.32.02 AM.png,brand,1ESyX3UonNuh47FZDgNnNmH38y3qWGOys,https://drive.google.com/file/d/12A_xVa_hKoyZohKL6SpWSSmYAnt9iE-n/view,https://drive.google.com/drive/folders/1ESyX3UonNuh47FZDgNnNmH38y3qWGOys,image,.png,1.6 MB,,,False,False,linked_to_drive,cataloged,not_supplied
1aTsDEeJ9dVFKMhKLBUCTvyQK03EmUJTn,beauty shot 2.png,Brand Assets/PHOTOS/beauty shot 2.png,brand,11mYcPyZoKmRuRcd8UmYKtkNuxGOlhCKx,https://drive.google.com/file/d/1aTsDEeJ9dVFKMhKLBUCTvyQK03EmUJTn/view,https://drive.google.com/drive/folders/11mYcPyZoKmRuRcd8UmYKtkNuxGOlhCKx,image,.png,,,,False,False,linked_to_drive,cataloged,not_supplied
1kuWNOFx-tIYgK6hB9tulI238ALSl5uC9,casement window.png,Brand Assets/PHOTOS/casement window.png,brand,11mYcPyZoKmRuRcd8UmYKtkNuxGOlhCKx,https://drive.google.com/file/d/1kuWNOFx-tIYgK6hB9tulI238ALSl5uC9/view,https://drive.google.com/drive/folders/11mYcPyZoKmRuRcd8UmYKtkNuxGOlhCKx,image,.png,,,,False,False,linked_to_drive,cataloged,not_supplied
1wCbUyJnOspVbbcIitRjLtv0XrGPPGwsq,DC inspection.png,Brand Assets/PHOTOS/DC inspection.png,brand,11mYcPyZoKmRuRcd8UmYKtkNuxGOlhCKx,https://drive.google.com/file/d/1wCbUyJnOspVbbcIitRjLtv0XrGPPGwsq/view,https://drive.google.com/drive/folders/11mYcPyZoKmRuRcd8UmYKtkNuxGOlhCKx,image,.png,,,,False,False,linked_to_drive,cataloged,not_supplied
15ZJ8S16y5HBiAYsh3jSwJk-tjpHRCeAw,design process.png,Brand Assets/PHOTOS/design process.png,brand,11mYcPyZoKmRuRcd8UmYKtkNuxGOlhCKx,https://drive.google.com/file/d/15ZJ8S16y5HBiAYsh3jSwJk-tjpHRCeAw/view,https://drive.google.com/drive/folders/11mYcPyZoKmRuRcd8UmYKtkNuxGOlhCKx,image,.png,,,,False,False,linked_to_drive,cataloged,not_supplied
1spuyvMcz6Qm2ni8m1nUFlJpV5i_tRCGS,double hung windows.png,Brand Assets/PHOTOS/double hung windows.png,brand,11mYcPyZoKmRuRcd8UmYKtkNuxGOlhCKx,https://drive.google.com/file/d/1spuyvMcz6Qm2ni8m1nUFlJpV5i_tRCGS/view,https://drive.google.com/drive/folders/11mYcPyZoKmRuRcd8UmYKtkNuxGOlhCKx,image,.png,,,,False,False,linked_to_drive,cataloged,not_supplied
1loqOWTn_YtsatDVx0qHC2Mji-SuZXi_t,gliding contemporary patio door and bay window renewal by andersen replacement window replacement door.png,Brand Assets/PHOTOS/gliding contemporary patio door and bay window renewal by andersen replacement window replacement door.png,brand,11mYcPyZoKmRuRcd8UmYKtkNuxGOlhCKx,https://drive.google.com/file/d/1loqOWTn_YtsatDVx0qHC2Mji-SuZXi_t/view,https://drive.google.com/drive/folders/11mYcPyZoKmRuRcd8UmYKtkNuxGOlhCKx,image,.png,,,,False,False,linked_to_drive,cataloged,not_supplied
1BNgxfraXa4WNBiG5aO_FRoLVoQ2uhdyj,hinged french door.png,Brand Assets/PHOTOS/hinged french door.png,brand,11mYcPyZoKmRuRcd8UmYKtkNuxGOlhCKx,https://drive.google.com/file/d/1BNgxfraXa4WNBiG5aO_FRoLVoQ2uhdyj/view,https://drive.google.com/drive/folders/11mYcPyZoKmRuRcd8UmYKtkNuxGOlhCKx,image,.png,,,,False,False,linked_to_drive,cataloged,not_supplied
1KWaYXuJT_YEegBBW2fhK4CCa8jQP9eUX,installation.png,Brand Assets/PHOTOS/installation.png,brand,11mYcPyZoKmRuRcd8UmYKtkNuxGOlhCKx,https://drive.google.com/file/d/1KWaYXuJT_YEegBBW2fhK4CCa8jQP9eUX/view,https://drive.google.com/drive/folders/11mYcPyZoKmRuRcd8UmYKtkNuxGOlhCKx,image,.png,,,,False,False,linked_to_drive,cataloged,not_supplied
14rhjqvydl32V8pyehu5_o2Wh9_P9pkkK,installer with truck logo.png,Brand Assets/PHOTOS/installer with truck logo.png,brand,11mYcPyZoKmRuRcd8UmYKtkNuxGOlhCKx,https://drive.google.com/file/d/14rhjqvydl32V8pyehu5_o2Wh9_P9pkkK/view,https://drive.google.com/drive/folders/11mYcPyZoKmRuRcd8UmYKtkNuxGOlhCKx,image,.png,,,,False,False,linked_to_drive,cataloged,not_supplied
1_n5H_swpX87aOUshDXbWKKtOKcHqxmym,kitchen_beauty.png,Brand Assets/PHOTOS/kitchen_beauty.png,brand,11mYcPyZoKmRuRcd8UmYKtkNuxGOlhCKx,https://drive.google.com/file/d/1_n5H_swpX87aOUshDXbWKKtOKcHqxmym/view,https://drive.google.com/drive/folders/11mYcPyZoKmRuRcd8UmYKtkNuxGOlhCKx,image,.png,,,,False,False,linked_to_drive,cataloged,not_supplied
12fMl6qIEn0SgVcWA0QgoxSE0lB_tktbz,laurie march exterior bedroom window 2.tif,Brand Assets/PHOTOS/laurie march exterior bedroom window 2.tif,brand,11mYcPyZoKmRuRcd8UmYKtkNuxGOlhCKx,https://drive.google.com/file/d/12fMl6qIEn0SgVcWA0QgoxSE0lB_tktbz/view,https://drive.google.com/drive/folders/11mYcPyZoKmRuRcd8UmYKtkNuxGOlhCKx,image,.tif,,,,False,False,linked_to_drive,cataloged,not_supplied
1NGo9k7aj4fjbcNXdW83cX6hx_tY-co2G,manufactured in usa.png,Brand Assets/PHOTOS/manufactured in usa.png,brand,11mYcPyZoKmRuRcd8UmYKtkNuxGOlhCKx,https://drive.google.com/file/d/1NGo9k7aj4fjbcNXdW83cX6hx_tY-co2G/view,https://drive.google.com/drive/folders/11mYcPyZoKmRuRcd8UmYKtkNuxGOlhCKx,image,.png,,,,False,False,linked_to_drive,cataloged,not_supplied
1qtNbCL_nSWgQkVu-6z2a-OeHWYkeubkt,office_beauty.png,Brand Assets/PHOTOS/office_beauty.png,brand,11mYcPyZoKmRuRcd8UmYKtkNuxGOlhCKx,https://drive.google.com/file/d/1qtNbCL_nSWgQkVu-6z2a-OeHWYkeubkt/view,https://drive.google.com/drive/folders/11mYcPyZoKmRuRcd8UmYKtkNuxGOlhCKx,image,.png,,,,False,False,linked_to_drive,cataloged,not_supplied
17cbBPEzfCZMtJPkUmm4qdMfIVF20FrRN,PHTO 1999 Beauty Andersen Frenchwood Hinged 128A RGB.psd,Brand Assets/PHOTOS/PHTO 1999 Beauty Andersen Frenchwood Hinged 128A RGB.psd,brand,11mYcPyZoKmRuRcd8UmYKtkNuxGOlhCKx,https://drive.google.com/file/d/17cbBPEzfCZMtJPkUmm4qdMfIVF20FrRN/view,https://drive.google.com/drive/folders/11mYcPyZoKmRuRcd8UmYKtkNuxGOlhCKx,layered image,.psd,,,,False,False,linked_to_drive,cataloged,not_supplied
1b1mvTyuQxxMSO0De-bB0O0WY1z7mxiRj,PHTO 2006 Beauty Andersen E-Series Casement Window 225A RGB.tif,Brand Assets/PHOTOS/PHTO 2006 Beauty Andersen E-Series Casement Window 225A RGB.tif,brand,11mYcPyZoKmRuRcd8UmYKtkNuxGOlhCKx,https://drive.google.com/file/d/1b1mvTyuQxxMSO0De-bB0O0WY1z7mxiRj/view,https://drive.google.com/drive/folders/11mYcPyZoKmRuRcd8UmYKtkNuxGOlhCKx,image,.tif,,,,False,False,linked_to_drive,cataloged,not_supplied
1pQ1_WYjafz5ahd7Rr4ejRaOnYP0dk0cb,PHTO 2006 Beauty Frenchwood Hinged 11A RGB.psd,Brand Assets/PHOTOS/PHTO 2006 Beauty Frenchwood Hinged 11A RGB.psd,brand,11mYcPyZoKmRuRcd8UmYKtkNuxGOlhCKx,https://drive.google.com/file/d/1pQ1_WYjafz5ahd7Rr4ejRaOnYP0dk0cb/view,https://drive.google.com/drive/folders/11mYcPyZoKmRuRcd8UmYKtkNuxGOlhCKx,layered image,.psd,,,,False,False,linked_to_drive,cataloged,not_supplied
1UcH0taRuP5svHq3d_mHxRQX0MELPlRs2,PHTO 2006 Homeworks Great Room Midwest Autumn 11B RGB.jpg,Brand Assets/PHOTOS/PHTO 2006 Homeworks Great Room Midwest Autumn 11B RGB.jpg,brand,11mYcPyZoKmRuRcd8UmYKtkNuxGOlhCKx,https://drive.google.com/file/d/1UcH0taRuP5svHq3d_mHxRQX0MELPlRs2/view,https://drive.google.com/drive/folders/11mYcPyZoKmRuRcd8UmYKtkNuxGOlhCKx,image,.jpg,,,,False,False,linked_to_drive,cataloged,not_supplied
1WAKlq1ONCxR7liS4kihekovA_-Xxu1qA,PHTO 2006 Homeworks Great Room Southwest Winter 11B RGB.tif,Brand Assets/PHOTOS/PHTO 2006 Homeworks Great Room Southwest Winter 11B RGB.tif,brand,11mYcPyZoKmRuRcd8UmYKtkNuxGOlhCKx,https://drive.google.com/file/d/1WAKlq1ONCxR7liS4kihekovA_-Xxu1qA/view,https://drive.google.com/drive/folders/11mYcPyZoKmRuRcd8UmYKtkNuxGOlhCKx,image,.tif,,,,False,False,linked_to_drive,cataloged,not_supplied
1sBVtxHx-WTQsdaMSPrZzbtAcYMAQK6MR,PHTO 2012 Beauty Andersen Frenchwood 400 Series Hinged Patio Door 423A RGB (1).png,Brand Assets/PHOTOS/PHTO 2012 Beauty Andersen Frenchwood 400 Series Hinged Patio Door 423A RGB (1).png,brand,11mYcPyZoKmRuRcd8UmYKtkNuxGOlhCKx,https://drive.google.com/file/d/1sBVtxHx-WTQsdaMSPrZzbtAcYMAQK6MR/view,https://drive.google.com/drive/folders/11mYcPyZoKmRuRcd8UmYKtkNuxGOlhCKx,image,.png,,,,False,False,linked_to_drive,cataloged,not_supplied
1BPHUKJN_qYoJZItXmqXRDTvN0zOVIEVn,PHTO 2013 Cascade Exterior Awning 205A RGB.tif,Brand Assets/PHOTOS/PHTO 2013 Cascade Exterior Awning 205A RGB.tif,brand,11mYcPyZoKmRuRcd8UmYKtkNuxGOlhCKx,https://drive.google.com/file/d/1BPHUKJN_qYoJZItXmqXRDTvN0zOVIEVn/view,https://drive.google.com/drive/folders/11mYcPyZoKmRuRcd8UmYKtkNuxGOlhCKx,image,.tif,,,,False,False,linked_to_drive,cataloged,not_supplied
18oEIcN9eZyVq52v_VPV5WV4fpEKzAmN7,PHTO 2013 Cascade Exterior Awning 218A RGB.tif,Brand Assets/PHOTOS/PHTO 2013 Cascade Exterior Awning 218A RGB.tif,brand,11mYcPyZoKmRuRcd8UmYKtkNuxGOlhCKx,https://drive.google.com/file/d/18oEIcN9eZyVq52v_VPV5WV4fpEKzAmN7/view,https://drive.google.com/drive/folders/11mYcPyZoKmRuRcd8UmYKtkNuxGOlhCKx,image,.tif,,,,False,False,linked_to_drive,cataloged,not_supplied
1bTpn6fk89lwutup415gtpAjtws1hu9Hn,PHTO 2013 Cascade Master Bedroom 108A RGB.tif,Brand Assets/PHOTOS/PHTO 2013 Cascade Master Bedroom 108A RGB.tif,brand,11mYcPyZoKmRuRcd8UmYKtkNuxGOlhCKx,https://drive.google.com/file/d/1bTpn6fk89lwutup415gtpAjtws1hu9Hn/view,https://drive.google.com/drive/folders/11mYcPyZoKmRuRcd8UmYKtkNuxGOlhCKx,image,.tif,,,,False,False,linked_to_drive,cataloged,not_supplied
1NlNpOGkJyjbzdIMbPMpvUaXeKMoCpFvX,PHTO 2013 Product Gliding Interior TruScene Insect Screen Comparison 1A RGB.psd,Brand Assets/PHOTOS/PHTO 2013 Product Gliding Interior TruScene Insect Screen Comparison 1A RGB.psd,brand,11mYcPyZoKmRuRcd8UmYKtkNuxGOlhCKx,https://drive.google.com/file/d/1NlNpOGkJyjbzdIMbPMpvUaXeKMoCpFvX/view,https://drive.google.com/drive/folders/11mYcPyZoKmRuRcd8UmYKtkNuxGOlhCKx,layered image,.psd,,,,False,False,linked_to_drive,cataloged,not_supplied
14Gf12sU48a16KIgAbg_SXtOIk-6L4u-e,PHTO 2013 Product Gliding Interior TruScene Insect Screen Comparison 1B RGB.psd,Brand Assets/PHOTOS/PHTO 2013 Product Gliding Interior TruScene Insect Screen Comparison 1B RGB.psd,brand,11mYcPyZoKmRuRcd8UmYKtkNuxGOlhCKx,https://drive.google.com/file/d/14Gf12sU48a16KIgAbg_SXtOIk-6L4u-e/view,https://drive.google.com/drive/folders/11mYcPyZoKmRuRcd8UmYKtkNuxGOlhCKx,layered image,.psd,,,,False,False,linked_to_drive,cataloged,not_supplied
1uqz3JYWog70iqYI1IlE9eMqOe2cOSRMR,PHTO 2014 Gliding Coastal Bedroom 2C RGB.tif,Brand Assets/PHOTOS/PHTO 2014 Gliding Coastal Bedroom 2C RGB.tif,brand,11mYcPyZoKmRuRcd8UmYKtkNuxGOlhCKx,https://drive.google.com/file/d/1uqz3JYWog70iqYI1IlE9eMqOe2cOSRMR/view,https://drive.google.com/drive/folders/11mYcPyZoKmRuRcd8UmYKtkNuxGOlhCKx,image,.tif,,,,False,False,linked_to_drive,cataloged,not_supplied
1UUAXsXCGl3gYlsFicN3OrSqCdTRyohQi,PHTO 2015 Greatwater Casement Handle 1231A RGB.psd,Brand Assets/PHOTOS/PHTO 2015 Greatwater Casement Handle 1231A RGB.psd,brand,11mYcPyZoKmRuRcd8UmYKtkNuxGOlhCKx,https://drive.google.com/file/d/1UUAXsXCGl3gYlsFicN3OrSqCdTRyohQi/view,https://drive.google.com/drive/folders/11mYcPyZoKmRuRcd8UmYKtkNuxGOlhCKx,layered image,.psd,,,,False,False,linked_to_drive,cataloged,not_supplied
1mfbF-XsvLVIYSkuPZ8mwBoqP5j1nk3Ug,PHTO 2016 Beauty Perma-Shield Patio Door 16810B RGB.psd,Brand Assets/PHOTOS/PHTO 2016 Beauty Perma-Shield Patio Door 16810B RGB.psd,brand,11mYcPyZoKmRuRcd8UmYKtkNuxGOlhCKx,https://drive.google.com/file/d/1mfbF-XsvLVIYSkuPZ8mwBoqP5j1nk3Ug/view,https://drive.google.com/drive/folders/11mYcPyZoKmRuRcd8UmYKtkNuxGOlhCKx,layered image,.psd,,,,False,False,linked_to_drive,cataloged,not_supplied
1GTgm47UE_pa9q0yl5LQmZRlVA5jf6-8c,PHTO 2017 Care and Maintenance Tilt Latch 170087A RGB.psd,Brand Assets/PHOTOS/PHTO 2017 Care and Maintenance Tilt Latch 170087A RGB.psd,brand,11mYcPyZoKmRuRcd8UmYKtkNuxGOlhCKx,https://drive.google.com/file/d/1GTgm47UE_pa9q0yl5LQmZRlVA5jf6-8c/view,https://drive.google.com/drive/folders/11mYcPyZoKmRuRcd8UmYKtkNuxGOlhCKx,layered image,.psd,,,,False,False,linked_to_drive,cataloged,not_supplied
1xJx1xMzUdmUa0qXTOMQB-gtP3cUWV9SP,PHTO 2017 Care and Maintenance Upper Sash Tilt Button 170095A RGB.psd,Brand Assets/PHOTOS/PHTO 2017 Care and Maintenance Upper Sash Tilt Button 170095A RGB.psd,brand,11mYcPyZoKmRuRcd8UmYKtkNuxGOlhCKx,https://drive.google.com/file/d/1xJx1xMzUdmUa0qXTOMQB-gtP3cUWV9SP/view,https://drive.google.com/drive/folders/11mYcPyZoKmRuRcd8UmYKtkNuxGOlhCKx,layered image,.psd,,,,False,False,linked_to_drive,cataloged,not_supplied
153_B7x_8-8g6tjBex5yufibES_Oy5OyC,PHTO 2017 Double-Hung Bathroom 170130028A RGB.psd,Brand Assets/PHOTOS/PHTO 2017 Double-Hung Bathroom 170130028A RGB.psd,brand,11mYcPyZoKmRuRcd8UmYKtkNuxGOlhCKx,https://drive.google.com/file/d/153_B7x_8-8g6tjBex5yufibES_Oy5OyC/view,https://drive.google.com/drive/folders/11mYcPyZoKmRuRcd8UmYKtkNuxGOlhCKx,layered image,.psd,,,,False,False,linked_to_drive,cataloged,not_supplied
17m__cFmkIxFLsHrcbn4XFUKw4qSZ61PF,PHTO 2019 John Wayne Bedroom 1244A RGB.tif,Brand Assets/PHOTOS/PHTO 2019 John Wayne Bedroom 1244A RGB.tif,brand,11mYcPyZoKmRuRcd8UmYKtkNuxGOlhCKx,https://drive.google.com/file/d/17m__cFmkIxFLsHrcbn4XFUKw4qSZ61PF/view,https://drive.google.com/drive/folders/11mYcPyZoKmRuRcd8UmYKtkNuxGOlhCKx,image,.tif,,,,False,False,linked_to_drive,cataloged,not_supplied
1N1Ts0JCmvuH12Q3d-ioI2_cLBXLMF_Bb,PHTO 2019 John Wayne Bedroom Midwest 1243A RGB (1).psd,Brand Assets/PHOTOS/PHTO 2019 John Wayne Bedroom Midwest 1243A RGB (1).psd,brand,11mYcPyZoKmRuRcd8UmYKtkNuxGOlhCKx,https://drive.google.com/file/d/1N1Ts0JCmvuH12Q3d-ioI2_cLBXLMF_Bb/view,https://drive.google.com/drive/folders/11mYcPyZoKmRuRcd8UmYKtkNuxGOlhCKx,layered image,.psd,142.9 MB,,,False,False,linked_to_drive,cataloged,not_supplied
1-7jtkKbtgVIRANMrSsHiMlWAo7a8wusB,PHTO 2019 John Wayne Bedroom Pacific 1243A RGB.tif,Brand Assets/PHOTOS/PHTO 2019 John Wayne Bedroom Pacific 1243A RGB.tif,brand,11mYcPyZoKmRuRcd8UmYKtkNuxGOlhCKx,https://drive.google.com/file/d/1-7jtkKbtgVIRANMrSsHiMlWAo7a8wusB/view,https://drive.google.com/drive/folders/11mYcPyZoKmRuRcd8UmYKtkNuxGOlhCKx,image,.tif,68.3 MB,,,False,False,linked_to_drive,cataloged,not_supplied
1fuaSKQ7Xl0NHWTxVTOAn4eWA3aRWiS-Y,PHTO 2019 John Wayne Office 498B RGB.tif,Brand Assets/PHOTOS/PHTO 2019 John Wayne Office 498B RGB.tif,brand,11mYcPyZoKmRuRcd8UmYKtkNuxGOlhCKx,https://drive.google.com/file/d/1fuaSKQ7Xl0NHWTxVTOAn4eWA3aRWiS-Y/view,https://drive.google.com/drive/folders/11mYcPyZoKmRuRcd8UmYKtkNuxGOlhCKx,image,.tif,72.7 MB,,,False,False,linked_to_drive,cataloged,not_supplied
1q1q5lQbjx64oNpXpNyC1uyJMX64HgTOx,PHTO Al Exiting Truck Closeup 12929A 12480 RGB.png,Brand Assets/PHOTOS/PHTO Al Exiting Truck Closeup 12929A 12480 RGB.png,brand,11mYcPyZoKmRuRcd8UmYKtkNuxGOlhCKx,https://drive.google.com/file/d/1q1q5lQbjx64oNpXpNyC1uyJMX64HgTOx/view,https://drive.google.com/drive/folders/11mYcPyZoKmRuRcd8UmYKtkNuxGOlhCKx,image,.png,29.4 MB,,,False,False,linked_to_drive,cataloged,not_supplied
1W4Xl8MzCCgvoK5gGp3KTWXuG7XiOm0KZ,PHTO Al Installation Hero 1A 12480 RGB.png,Brand Assets/PHOTOS/PHTO Al Installation Hero 1A 12480 RGB.png,brand,11mYcPyZoKmRuRcd8UmYKtkNuxGOlhCKx,https://drive.google.com/file/d/1W4Xl8MzCCgvoK5gGp3KTWXuG7XiOm0KZ/view,https://drive.google.com/drive/folders/11mYcPyZoKmRuRcd8UmYKtkNuxGOlhCKx,image,.png,2.6 MB,,,False,False,linked_to_drive,cataloged,not_supplied
1Ud-3tATN1CGtGk0VjsZt_VeV7dk7F_nA,PHTO Al Installation Tip In 1002A 12135 RGB.psd,Brand Assets/PHOTOS/PHTO Al Installation Tip In 1002A 12135 RGB.psd,brand,11mYcPyZoKmRuRcd8UmYKtkNuxGOlhCKx,https://drive.google.com/file/d/1Ud-3tATN1CGtGk0VjsZt_VeV7dk7F_nA/view,https://drive.google.com/drive/folders/11mYcPyZoKmRuRcd8UmYKtkNuxGOlhCKx,layered image,.psd,145.4 MB,,,False,False,linked_to_drive,cataloged,not_supplied
1htFHP340sOv4u_nUoo25y0cBzD6XwLKE,PHTO Al Leaning Casement Window White 12482A 12480 RGB.png,Brand Assets/PHOTOS/PHTO Al Leaning Casement Window White 12482A 12480 RGB.png,brand,11mYcPyZoKmRuRcd8UmYKtkNuxGOlhCKx,https://drive.google.com/file/d/1htFHP340sOv4u_nUoo25y0cBzD6XwLKE/view,https://drive.google.com/drive/folders/11mYcPyZoKmRuRcd8UmYKtkNuxGOlhCKx,image,.png,43.5 MB,,,False,False,linked_to_drive,cataloged,not_supplied
14RkF3TUsxMC-14xHSXr4yNFT23n3-2Pe,PHTO Andersen Door MultiGlide 17606A RGB.tif,Brand Assets/PHOTOS/PHTO Andersen Door MultiGlide 17606A RGB.tif,brand,11mYcPyZoKmRuRcd8UmYKtkNuxGOlhCKx,https://drive.google.com/file/d/14RkF3TUsxMC-14xHSXr4yNFT23n3-2Pe/view,https://drive.google.com/drive/folders/11mYcPyZoKmRuRcd8UmYKtkNuxGOlhCKx,image,.tif,58.2 MB,,,False,False,linked_to_drive,cataloged,not_supplied
1KK9f8p7l1usIQeqtO1qsJ3ha1f1k6Tlf,PHTO Andersen Door MultiGlide 17702A RGB.tif,Brand Assets/PHOTOS/PHTO Andersen Door MultiGlide 17702A RGB.tif,brand,11mYcPyZoKmRuRcd8UmYKtkNuxGOlhCKx,https://drive.google.com/file/d/1KK9f8p7l1usIQeqtO1qsJ3ha1f1k6Tlf/view,https://drive.google.com/drive/folders/11mYcPyZoKmRuRcd8UmYKtkNuxGOlhCKx,image,.tif,46 MB,,,False,False,linked_to_drive,cataloged,not_supplied
1_k08A8ZDQo-ri2ggxu6N-oxbXxE4r0EF,PHTO Andersen Door MultiGlide 17703A RGB.tif,Brand Assets/PHOTOS/PHTO Andersen Door MultiGlide 17703A RGB.tif,brand,11mYcPyZoKmRuRcd8UmYKtkNuxGOlhCKx,https://drive.google.com/file/d/1_k08A8ZDQo-ri2ggxu6N-oxbXxE4r0EF/view,https://drive.google.com/drive/folders/11mYcPyZoKmRuRcd8UmYKtkNuxGOlhCKx,image,.tif,41.6 MB,,,False,False,linked_to_drive,cataloged,not_supplied
15YeDgFsVFqnucbqwOKg2onBJ_f4dyGyG,PHTO Andersen Patio Door 400 Series Gliding 2014 12265A RGB.png,Brand Assets/PHOTOS/PHTO Andersen Patio Door 400 Series Gliding 2014 12265A RGB.png,brand,11mYcPyZoKmRuRcd8UmYKtkNuxGOlhCKx,https://drive.google.com/file/d/15YeDgFsVFqnucbqwOKg2onBJ_f4dyGyG/view,https://drive.google.com/drive/folders/11mYcPyZoKmRuRcd8UmYKtkNuxGOlhCKx,image,.png,19.3 MB,,,False,False,linked_to_drive,cataloged,not_supplied
1MJr7Wx0C0th4MmB__kvQE6Hwt92Xgs-v,PHTO Andersen Patio Door Narroline Black 2018 17968A RGB.psd,Brand Assets/PHOTOS/PHTO Andersen Patio Door Narroline Black 2018 17968A RGB.psd,brand,11mYcPyZoKmRuRcd8UmYKtkNuxGOlhCKx,https://drive.google.com/file/d/1MJr7Wx0C0th4MmB__kvQE6Hwt92Xgs-v/view,https://drive.google.com/drive/folders/11mYcPyZoKmRuRcd8UmYKtkNuxGOlhCKx,layered image,.psd,103.3 MB,,,False,False,linked_to_drive,cataloged,not_supplied
19aa9T4sHO6_Lobbv_owd0OC5Z09OYVVG,PHTO Andersen Window Double-Hung E-Series 11452A RGB (2).png,Brand Assets/PHOTOS/PHTO Andersen Window Double-Hung E-Series 11452A RGB (2).png,brand,11mYcPyZoKmRuRcd8UmYKtkNuxGOlhCKx,https://drive.google.com/file/d/19aa9T4sHO6_Lobbv_owd0OC5Z09OYVVG/view,https://drive.google.com/drive/folders/11mYcPyZoKmRuRcd8UmYKtkNuxGOlhCKx,image,.png,33.5 MB,,,False,False,linked_to_drive,cataloged,not_supplied
1fw9xWBlwPX66QmER_lptEpAVGsyIqQKi,PHTO Beauty Bedroom 12181 7549A RGB.jpg,Brand Assets/PHOTOS/PHTO Beauty Bedroom 12181 7549A RGB.jpg,brand,11mYcPyZoKmRuRcd8UmYKtkNuxGOlhCKx,https://drive.google.com/file/d/1fw9xWBlwPX66QmER_lptEpAVGsyIqQKi/view,https://drive.google.com/drive/folders/11mYcPyZoKmRuRcd8UmYKtkNuxGOlhCKx,image,.jpg,8.7 MB,,,False,False,linked_to_drive,cataloged,not_supplied
1CTYY3-ACTEnV5CS8HF4z1V0W5OLF8efx,PHTO Beauty Entry Door Partial Light 12947 2696A RGB.jpg,Brand Assets/PHOTOS/PHTO Beauty Entry Door Partial Light 12947 2696A RGB.jpg,brand,11mYcPyZoKmRuRcd8UmYKtkNuxGOlhCKx,https://drive.google.com/file/d/1CTYY3-ACTEnV5CS8HF4z1V0W5OLF8efx/view,https://drive.google.com/drive/folders/11mYcPyZoKmRuRcd8UmYKtkNuxGOlhCKx,image,.jpg,1.5 MB,,,False,False,linked_to_drive,cataloged,not_supplied
11URlFfKlPhj8vlL9bp9oOK-1Hv61aD6u,PHTO Beauty Kitchen 12181 3689A RGB.jpg,Brand Assets/PHOTOS/PHTO Beauty Kitchen 12181 3689A RGB.jpg,brand,11mYcPyZoKmRuRcd8UmYKtkNuxGOlhCKx,https://drive.google.com/file/d/11URlFfKlPhj8vlL9bp9oOK-1Hv61aD6u/view,https://drive.google.com/drive/folders/11mYcPyZoKmRuRcd8UmYKtkNuxGOlhCKx,image,.jpg,1.5 MB,,,False,False,linked_to_drive,cataloged,not_supplied
19OmyeijVrGW7vUT7G__8WVORG3OtaODY,PHTO Beauty Living Room 12181 3730A.jpg,Brand Assets/PHOTOS/PHTO Beauty Living Room 12181 3730A.jpg,brand,11mYcPyZoKmRuRcd8UmYKtkNuxGOlhCKx,https://drive.google.com/file/d/19OmyeijVrGW7vUT7G__8WVORG3OtaODY/view,https://drive.google.com/drive/folders/11mYcPyZoKmRuRcd8UmYKtkNuxGOlhCKx,image,.jpg,2.3 MB,,,False,False,linked_to_drive,cataloged,not_supplied
1odSAxURCaRhazB431PyKRqdDstfWgue9,PHTO Beauty Stairs 12181 6146A.png,Brand Assets/PHOTOS/PHTO Beauty Stairs 12181 6146A.png,brand,11mYcPyZoKmRuRcd8UmYKtkNuxGOlhCKx,https://drive.google.com/file/d/1odSAxURCaRhazB431PyKRqdDstfWgue9/view,https://drive.google.com/drive/folders/11mYcPyZoKmRuRcd8UmYKtkNuxGOlhCKx,image,.png,68.3 MB,,,False,False,linked_to_drive,cataloged,not_supplied
1qPMOJQ4PtgVPScu7plId--DESMxusIJg,PHTO Beauty Stairwell 13502 1431A.png,Brand Assets/PHOTOS/PHTO Beauty Stairwell 13502 1431A.png,brand,11mYcPyZoKmRuRcd8UmYKtkNuxGOlhCKx,https://drive.google.com/file/d/1qPMOJQ4PtgVPScu7plId--DESMxusIJg/view,https://drive.google.com/drive/folders/11mYcPyZoKmRuRcd8UmYKtkNuxGOlhCKx,image,.png,39.9 MB,,,False,False,linked_to_drive,cataloged,not_supplied
1oMFFoBbBuTPubpxnM6HVF11kQziOK7cl,PHTO Beauty Stairwell 13502 1431A.psd,Brand Assets/PHOTOS/PHTO Beauty Stairwell 13502 1431A.psd,brand,11mYcPyZoKmRuRcd8UmYKtkNuxGOlhCKx,https://drive.google.com/file/d/1oMFFoBbBuTPubpxnM6HVF11kQziOK7cl/view,https://drive.google.com/drive/folders/11mYcPyZoKmRuRcd8UmYKtkNuxGOlhCKx,layered image,.psd,111.4 MB,,,False,False,linked_to_drive,cataloged,not_supplied
1GAakjmNl9EpRWOGT2J0CW5lTDl17i2NY,PHTO Beauty Window Bay 13558 3925A.psd,Brand Assets/PHOTOS/PHTO Beauty Window Bay 13558 3925A.psd,brand,11mYcPyZoKmRuRcd8UmYKtkNuxGOlhCKx,https://drive.google.com/file/d/1GAakjmNl9EpRWOGT2J0CW5lTDl17i2NY/view,https://drive.google.com/drive/folders/11mYcPyZoKmRuRcd8UmYKtkNuxGOlhCKx,layered image,.psd,55.6 MB,,,False,False,linked_to_drive,cataloged,not_supplied
1RYUZKEyYBB5KHy6Hm6lfRKaIu7buovRD,PHTO Beauty Winslow Dining Room 665A.psd,Brand Assets/PHOTOS/PHTO Beauty Winslow Dining Room 665A.psd,brand,11mYcPyZoKmRuRcd8UmYKtkNuxGOlhCKx,https://drive.google.com/file/d/1RYUZKEyYBB5KHy6Hm6lfRKaIu7buovRD/view,https://drive.google.com/drive/folders/11mYcPyZoKmRuRcd8UmYKtkNuxGOlhCKx,layered image,.psd,127.1 MB,,,False,False,linked_to_drive,cataloged,not_supplied
1FBxUlvmFitDTDuHiYqntYHWYD2MRJULQ,PHTO Beauty Winslow Exterior 13502 55A copy.png,Brand Assets/PHOTOS/PHTO Beauty Winslow Exterior 13502 55A copy.png,brand,11mYcPyZoKmRuRcd8UmYKtkNuxGOlhCKx,https://drive.google.com/file/d/1FBxUlvmFitDTDuHiYqntYHWYD2MRJULQ/view,https://drive.google.com/drive/folders/11mYcPyZoKmRuRcd8UmYKtkNuxGOlhCKx,image,.png,52.5 MB,,,False,False,linked_to_drive,cataloged,not_supplied
1se6XzRXELpvzRYq0Sk-IK83YryvPjJRO,PHTO Beauty Winslow Exterior 13502 55A copy.psd,Brand Assets/PHOTOS/PHTO Beauty Winslow Exterior 13502 55A copy.psd,brand,11mYcPyZoKmRuRcd8UmYKtkNuxGOlhCKx,https://drive.google.com/file/d/1se6XzRXELpvzRYq0Sk-IK83YryvPjJRO/view,https://drive.google.com/drive/folders/11mYcPyZoKmRuRcd8UmYKtkNuxGOlhCKx,layered image,.psd,124.5 MB,,,False,False,linked_to_drive,cataloged,not_supplied
1Uy1U65R8w1iUScBKbDrKaGd7yjG5S0Sf,PHTO Beauty Winslow Exterior 13502 55A.jpg,Brand Assets/PHOTOS/PHTO Beauty Winslow Exterior 13502 55A.jpg,brand,11mYcPyZoKmRuRcd8UmYKtkNuxGOlhCKx,https://drive.google.com/file/d/1Uy1U65R8w1iUScBKbDrKaGd7yjG5S0Sf/view,https://drive.google.com/drive/folders/11mYcPyZoKmRuRcd8UmYKtkNuxGOlhCKx,image,.jpg,8.3 MB,,,False,False,linked_to_drive,cataloged,not_supplied
1zQJc5GljhiWX0JCLWSfRE9NdLMVFJIMa,PHTO Beauty Winslow Exterior 13502 55A.psd,Brand Assets/PHOTOS/PHTO Beauty Winslow Exterior 13502 55A.psd,brand,11mYcPyZoKmRuRcd8UmYKtkNuxGOlhCKx,https://drive.google.com/file/d/1zQJc5GljhiWX0JCLWSfRE9NdLMVFJIMa/view,https://drive.google.com/drive/folders/11mYcPyZoKmRuRcd8UmYKtkNuxGOlhCKx,layered image,.psd,124.5 MB,,,False,False,linked_to_drive,cataloged,not_supplied
1jLpgd1t3kpROi60gaz1ichBmCEfA48o0,PHTO Beauty Winslow Living Room 13502 1234A.jpg,Brand Assets/PHOTOS/PHTO Beauty Winslow Living Room 13502 1234A.jpg,brand,11mYcPyZoKmRuRcd8UmYKtkNuxGOlhCKx,https://drive.google.com/file/d/1jLpgd1t3kpROi60gaz1ichBmCEfA48o0/view,https://drive.google.com/drive/folders/11mYcPyZoKmRuRcd8UmYKtkNuxGOlhCKx,image,.jpg,7.3 MB,,,False,False,linked_to_drive,cataloged,not_supplied
15-6Pk6X7H4_NOtezwWTPrpu_UKyhBlKC,PHTO Beauty Winslow Sunroom 13502 1350A.jpg,Brand Assets/PHOTOS/PHTO Beauty Winslow Sunroom 13502 1350A.jpg,brand,11mYcPyZoKmRuRcd8UmYKtkNuxGOlhCKx,https://drive.google.com/file/d/15-6Pk6X7H4_NOtezwWTPrpu_UKyhBlKC/view,https://drive.google.com/drive/folders/11mYcPyZoKmRuRcd8UmYKtkNuxGOlhCKx,image,.jpg,7.7 MB,,,False,False,linked_to_drive,cataloged,not_supplied
1lgAYHHYAB5kOnS7pfZtdHTsLE3jtJizX,PHTO Design Consultant Hero 12713 2571A.psd,Brand Assets/PHOTOS/PHTO Design Consultant Hero 12713 2571A.psd,brand,11mYcPyZoKmRuRcd8UmYKtkNuxGOlhCKx,https://drive.google.com/file/d/1lgAYHHYAB5kOnS7pfZtdHTsLE3jtJizX/view,https://drive.google.com/drive/folders/11mYcPyZoKmRuRcd8UmYKtkNuxGOlhCKx,layered image,.psd,69.1 MB,,,False,False,linked_to_drive,cataloged,not_supplied
1pKpjriQAIZlMvSrVSnbII_2upKQoNAhG,PHTO Design Consultant Presentation 12713 2326A.psd,Brand Assets/PHOTOS/PHTO Design Consultant Presentation 12713 2326A.psd,brand,11mYcPyZoKmRuRcd8UmYKtkNuxGOlhCKx,https://drive.google.com/file/d/1pKpjriQAIZlMvSrVSnbII_2upKQoNAhG/view,https://drive.google.com/drive/folders/11mYcPyZoKmRuRcd8UmYKtkNuxGOlhCKx,layered image,.psd,69.5 MB,,,False,False,linked_to_drive,cataloged,not_supplied
1gdakbz1_4Xa381QC6rAlNvwLgo9vqAMc,PHTO Facility Casement Assembly 13572 28A.psd,Brand Assets/PHOTOS/PHTO Facility Casement Assembly 13572 28A.psd,brand,11mYcPyZoKmRuRcd8UmYKtkNuxGOlhCKx,https://drive.google.com/file/d/1gdakbz1_4Xa381QC6rAlNvwLgo9vqAMc/view,https://drive.google.com/drive/folders/11mYcPyZoKmRuRcd8UmYKtkNuxGOlhCKx,layered image,.psd,99.1 MB,,,False,False,linked_to_drive,cataloged,not_supplied
1mJ-trABraex49Rb6XYPox52P5MXTFmnt,PHTO Greatwater Sun Room 1035B RGB (3).png,Brand Assets/PHOTOS/PHTO Greatwater Sun Room 1035B RGB (3).png,brand,11mYcPyZoKmRuRcd8UmYKtkNuxGOlhCKx,https://drive.google.com/file/d/1mJ-trABraex49Rb6XYPox52P5MXTFmnt/view,https://drive.google.com/drive/folders/11mYcPyZoKmRuRcd8UmYKtkNuxGOlhCKx,image,.png,33.2 MB,,,False,False,linked_to_drive,cataloged,not_supplied
1GWolnqmciRzaSKvcSB1v7c1jq7Ki6NkH,PHTO Installation 13128 183A RGB.psd,Brand Assets/PHOTOS/PHTO Installation 13128 183A RGB.psd,brand,11mYcPyZoKmRuRcd8UmYKtkNuxGOlhCKx,https://drive.google.com/file/d/1GWolnqmciRzaSKvcSB1v7c1jq7Ki6NkH/view,https://drive.google.com/drive/folders/11mYcPyZoKmRuRcd8UmYKtkNuxGOlhCKx,layered image,.psd,69.2 MB,,,False,False,linked_to_drive,cataloged,not_supplied
1jYmxLA_6NLWJ1BHiXgQWcjobOtABy4Ua,PHTO Installer Clean Fall 864A 12494 RGB (1).jpg,Brand Assets/PHOTOS/PHTO Installer Clean Fall 864A 12494 RGB (1).jpg,brand,11mYcPyZoKmRuRcd8UmYKtkNuxGOlhCKx,https://drive.google.com/file/d/1jYmxLA_6NLWJ1BHiXgQWcjobOtABy4Ua/view,https://drive.google.com/drive/folders/11mYcPyZoKmRuRcd8UmYKtkNuxGOlhCKx,image,.jpg,2.7 MB,,,False,False,linked_to_drive,cataloged,not_supplied
1yRuHVWjrE90tQiJllLQPxP8iOOSziFH-,PHTO Iowa Dining Room 5199B RGB.psd,Brand Assets/PHOTOS/PHTO Iowa Dining Room 5199B RGB.psd,brand,11mYcPyZoKmRuRcd8UmYKtkNuxGOlhCKx,https://drive.google.com/file/d/1yRuHVWjrE90tQiJllLQPxP8iOOSziFH-/view,https://drive.google.com/drive/folders/11mYcPyZoKmRuRcd8UmYKtkNuxGOlhCKx,layered image,.psd,65.3 MB,,,False,False,linked_to_drive,cataloged,not_supplied
1L_6FjYCH_tsqs4pSGbnEtdH_U7p4gPJu,PHTO Rapson Living Room Black Pacific 1641B 11786 RGB.tif,Brand Assets/PHOTOS/PHTO Rapson Living Room Black Pacific 1641B 11786 RGB.tif,brand,11mYcPyZoKmRuRcd8UmYKtkNuxGOlhCKx,https://drive.google.com/file/d/1L_6FjYCH_tsqs4pSGbnEtdH_U7p4gPJu/view,https://drive.google.com/drive/folders/11mYcPyZoKmRuRcd8UmYKtkNuxGOlhCKx,image,.tif,163.8 MB,,,False,False,linked_to_drive,cataloged,not_supplied
1VddSyyXVy8hzHJZPrff-bZJ9jdsVi7hj,PHTO Rapson Living Room Black Winter 1641A 11786 RGB (1).jpg,Brand Assets/PHOTOS/PHTO Rapson Living Room Black Winter 1641A 11786 RGB (1).jpg,brand,11mYcPyZoKmRuRcd8UmYKtkNuxGOlhCKx,https://drive.google.com/file/d/1VddSyyXVy8hzHJZPrff-bZJ9jdsVi7hj/view,https://drive.google.com/drive/folders/11mYcPyZoKmRuRcd8UmYKtkNuxGOlhCKx,image,.jpg,8.2 MB,,,False,False,linked_to_drive,cataloged,not_supplied
1BYrU3LpJQ5TB-T2VHLDwpaWwMxkRA3mJ,PHTO Rapson Living Room Black Winter 1641A 11786 RGB.psd,Brand Assets/PHOTOS/PHTO Rapson Living Room Black Winter 1641A 11786 RGB.psd,brand,11mYcPyZoKmRuRcd8UmYKtkNuxGOlhCKx,https://drive.google.com/file/d/1BYrU3LpJQ5TB-T2VHLDwpaWwMxkRA3mJ/view,https://drive.google.com/drive/folders/11mYcPyZoKmRuRcd8UmYKtkNuxGOlhCKx,layered image,.psd,103.2 MB,,,False,False,linked_to_drive,cataloged,not_supplied
1Py3WpV-hjvWe308BEaFY-qDaFhFoTcN2,PHTO Suburbs Living Room Northwest 7800A 12339 CMYK.psd,Brand Assets/PHOTOS/PHTO Suburbs Living Room Northwest 7800A 12339 CMYK.psd,brand,11mYcPyZoKmRuRcd8UmYKtkNuxGOlhCKx,https://drive.google.com/file/d/1Py3WpV-hjvWe308BEaFY-qDaFhFoTcN2/view,https://drive.google.com/drive/folders/11mYcPyZoKmRuRcd8UmYKtkNuxGOlhCKx,layered image,.psd,77.8 MB,,,False,False,linked_to_drive,cataloged,not_supplied
12DZG2UxARIrQh_IvjCdtEhNT5QeC3JTQ,snow bath.png,Brand Assets/PHOTOS/snow bath.png,brand,11mYcPyZoKmRuRcd8UmYKtkNuxGOlhCKx,https://drive.google.com/file/d/12DZG2UxARIrQh_IvjCdtEhNT5QeC3JTQ/view,https://drive.google.com/drive/folders/11mYcPyZoKmRuRcd8UmYKtkNuxGOlhCKx,image,.png,22.8 MB,,,False,False,linked_to_drive,cataloged,not_supplied
1G0AqBNnsI9L4wwy4RgWHuORz986rSJAG,we build it.png,Brand Assets/PHOTOS/we build it.png,brand,11mYcPyZoKmRuRcd8UmYKtkNuxGOlhCKx,https://drive.google.com/file/d/1G0AqBNnsI9L4wwy4RgWHuORz986rSJAG/view,https://drive.google.com/drive/folders/11mYcPyZoKmRuRcd8UmYKtkNuxGOlhCKx,image,.png,15.4 MB,,,False,False,linked_to_drive,cataloged,not_supplied
1Jthrb0aPht7HEB2R3U9HTi_cyjTtwy0E,we design it.png,Brand Assets/PHOTOS/we design it.png,brand,11mYcPyZoKmRuRcd8UmYKtkNuxGOlhCKx,https://drive.google.com/file/d/1Jthrb0aPht7HEB2R3U9HTi_cyjTtwy0E/view,https://drive.google.com/drive/folders/11mYcPyZoKmRuRcd8UmYKtkNuxGOlhCKx,image,.png,37.9 MB,,,False,False,linked_to_drive,cataloged,not_supplied
1Qirl4LtuBJ6tt5fiZhMs78SWpmJ-ndkY,we install it.png,Brand Assets/PHOTOS/we install it.png,brand,11mYcPyZoKmRuRcd8UmYKtkNuxGOlhCKx,https://drive.google.com/file/d/1Qirl4LtuBJ6tt5fiZhMs78SWpmJ-ndkY/view,https://drive.google.com/drive/folders/11mYcPyZoKmRuRcd8UmYKtkNuxGOlhCKx,image,.png,57.2 MB,,,False,False,linked_to_drive,cataloged,not_supplied
1TW3XXvAN53AStgikCFpLYQH42H1OBs75,installer with truck logo.png,Brand Assets/Process/installer with truck logo.png,brand,10HaQuLofg7ovmUlkmuKzDm1seZGSrr4K,https://drive.google.com/file/d/1TW3XXvAN53AStgikCFpLYQH42H1OBs75/view,https://drive.google.com/drive/folders/10HaQuLofg7ovmUlkmuKzDm1seZGSrr4K,image,.png,35.6 MB,,,False,False,linked_to_drive,cataloged,not_supplied
1hmpDE5u2zrOY8JOVqIYsvTWnwt7Dqm1X,we build it.png,Brand Assets/Process/we build it.png,brand,10HaQuLofg7ovmUlkmuKzDm1seZGSrr4K,https://drive.google.com/file/d/1hmpDE5u2zrOY8JOVqIYsvTWnwt7Dqm1X/view,https://drive.google.com/drive/folders/10HaQuLofg7ovmUlkmuKzDm1seZGSrr4K,image,.png,15.4 MB,,,False,False,linked_to_drive,cataloged,not_supplied
1CKLIA9yW3YT-nMkP8B_wsBIU90CFYNbB,we design it.png,Brand Assets/Process/we design it.png,brand,10HaQuLofg7ovmUlkmuKzDm1seZGSrr4K,https://drive.google.com/file/d/1CKLIA9yW3YT-nMkP8B_wsBIU90CFYNbB/view,https://drive.google.com/drive/folders/10HaQuLofg7ovmUlkmuKzDm1seZGSrr4K,image,.png,37.9 MB,,,False,False,linked_to_drive,cataloged,not_supplied
1dLkQpMxfmNVAHlv5NDDOMHkMgRd1szbK,We Guarantee.png,Brand Assets/Process/We Guarantee.png,brand,10HaQuLofg7ovmUlkmuKzDm1seZGSrr4K,https://drive.google.com/file/d/1dLkQpMxfmNVAHlv5NDDOMHkMgRd1szbK/view,https://drive.google.com/drive/folders/10HaQuLofg7ovmUlkmuKzDm1seZGSrr4K,image,.png,30.3 MB,,,False,False,linked_to_drive,cataloged,not_supplied
1QEzlSfvVhqWNIi_1tX2n6BYXUCYtXEf4,we install it.png,Brand Assets/Process/we install it.png,brand,10HaQuLofg7ovmUlkmuKzDm1seZGSrr4K,https://drive.google.com/file/d/1QEzlSfvVhqWNIi_1tX2n6BYXUCYtXEf4/view,https://drive.google.com/drive/folders/10HaQuLofg7ovmUlkmuKzDm1seZGSrr4K,image,.png,57.2 MB,,,False,False,linked_to_drive,cataloged,not_supplied
1BIwawu63vPy_xmmqmhK3S0FQrPRd_sb-,RbA Brand Standards copy.pdf,Brand Assets/RbA Brand Standards copy.pdf,brand,1d59hYqNf6XepHdzUs03QkE5NC0zzMj1A,https://drive.google.com/file/d/1BIwawu63vPy_xmmqmhK3S0FQrPRd_sb-/view,https://drive.google.com/drive/folders/1d59hYqNf6XepHdzUs03QkE5NC0zzMj1A,document,.pdf,21 MB,,,False,False,linked_to_drive,cataloged,not_supplied
1u_ZFScV8SHLeBLaB3GKqmmvsAfJeT_ug,2X Stronger Than Vinyl.mov,Brand Assets/VIDEO & ANIMATIONS/ANIMATION/2X Stronger Than Vinyl.mov,brand,1yKXuBzHR0TZqED6NDzB2tJmU4NDX_Twr,https://drive.google.com/file/d/1u_ZFScV8SHLeBLaB3GKqmmvsAfJeT_ug/view,https://drive.google.com/drive/folders/1yKXuBzHR0TZqED6NDzB2tJmU4NDX_Twr,video,.mov,55.7 MB,,,False,False,linked_to_drive,cataloged,not_supplied
1r_I6O5h0YgMDpzTugiz8EsHzpmz9GR2f,Custom Built in the USA.mov,Brand Assets/VIDEO & ANIMATIONS/ANIMATION/Custom Built in the USA.mov,brand,1yKXuBzHR0TZqED6NDzB2tJmU4NDX_Twr,https://drive.google.com/file/d/1r_I6O5h0YgMDpzTugiz8EsHzpmz9GR2f/view,https://drive.google.com/drive/folders/1yKXuBzHR0TZqED6NDzB2tJmU4NDX_Twr,video,.mov,84.7 MB,,,False,False,linked_to_drive,cataloged,not_supplied
1aVS8hVoS-WBgJcAgxY4eR2f-97nYQmx-,Fibrex Vastly Superior to Vinyl.mov,Brand Assets/VIDEO & ANIMATIONS/ANIMATION/Fibrex Vastly Superior to Vinyl.mov,brand,1yKXuBzHR0TZqED6NDzB2tJmU4NDX_Twr,https://drive.google.com/file/d/1aVS8hVoS-WBgJcAgxY4eR2f-97nYQmx-/view,https://drive.google.com/drive/folders/1yKXuBzHR0TZqED6NDzB2tJmU4NDX_Twr,video,.mov,81.5 MB,,,False,False,linked_to_drive,cataloged,not_supplied
1THfTv2H2mDqq88IeYueyrClTF-W6hBb0,MOD 02 - Installation_MASTER.mov,Brand Assets/VIDEO & ANIMATIONS/ANIMATION/MOD 02 - Installation_MASTER.mov,brand,1yKXuBzHR0TZqED6NDzB2tJmU4NDX_Twr,https://drive.google.com/file/d/1THfTv2H2mDqq88IeYueyrClTF-W6hBb0/view,https://drive.google.com/drive/folders/1yKXuBzHR0TZqED6NDzB2tJmU4NDX_Twr,video,.mov,410.7 MB,,,False,False,linked_to_drive,cataloged,not_supplied
1BBG2MXgQaWUg6Vqk1Bdd9_L865Y9wvoN,Nation's Best Warranty Shield.mov,Brand Assets/VIDEO & ANIMATIONS/ANIMATION/Nation's Best Warranty Shield.mov,brand,1yKXuBzHR0TZqED6NDzB2tJmU4NDX_Twr,https://drive.google.com/file/d/1BBG2MXgQaWUg6Vqk1Bdd9_L865Y9wvoN/view,https://drive.google.com/drive/folders/1yKXuBzHR0TZqED6NDzB2tJmU4NDX_Twr,video,.mov,129.6 MB,,,False,False,linked_to_drive,cataloged,not_supplied
1TibSEbUTAUcFGLiihnwIpKQN-U1iPjdW,RbA Logo (R) - for light background.mov,Brand Assets/VIDEO & ANIMATIONS/ANIMATION/RbA Logo (R) - for light background.mov,brand,1yKXuBzHR0TZqED6NDzB2tJmU4NDX_Twr,https://drive.google.com/file/d/1TibSEbUTAUcFGLiihnwIpKQN-U1iPjdW/view,https://drive.google.com/drive/folders/1yKXuBzHR0TZqED6NDzB2tJmU4NDX_Twr,video,.mov,281.2 MB,,,False,False,linked_to_drive,cataloged,not_supplied
1rPAjcn8-2iUrtO_xxiIffzO766qaHsNC,Renewal Now 15 - Master.mov,Brand Assets/VIDEO & ANIMATIONS/ANIMATION/Renewal Now 15 - Master.mov,brand,1yKXuBzHR0TZqED6NDzB2tJmU4NDX_Twr,https://drive.google.com/file/d/1rPAjcn8-2iUrtO_xxiIffzO766qaHsNC/view,https://drive.google.com/drive/folders/1yKXuBzHR0TZqED6NDzB2tJmU4NDX_Twr,video,.mov,164.1 MB,,,False,False,linked_to_drive,cataloged,not_supplied
1NGr8Yq9qrKoOHjYkt7kxGT_NCUQwGx7L,Renewal Now 30 - Master.mov,Brand Assets/VIDEO & ANIMATIONS/Renewal Now 30 - Master.mov,brand,1f4JtGn08STqTCUrF_2xamjPqVxggSRPt,https://drive.google.com/file/d/1NGr8Yq9qrKoOHjYkt7kxGT_NCUQwGx7L/view,https://drive.google.com/drive/folders/1f4JtGn08STqTCUrF_2xamjPqVxggSRPt,video,.mov,320.1 MB,,,False,False,linked_to_drive,cataloged,not_supplied
1REn8xB6xza7m68_XEiEGJzasXf5Y01Pw,bay and bow beauty 1.png,Brand Assets/Windows/bay and bow beauty 1.png,brand,199ZlUKvV5ADGT5FuWkqQ3NYbjaD5TEKP,https://drive.google.com/file/d/1REn8xB6xza7m68_XEiEGJzasXf5Y01Pw/view,https://drive.google.com/drive/folders/199ZlUKvV5ADGT5FuWkqQ3NYbjaD5TEKP,image,.png,22 MB,,,False,False,linked_to_drive,cataloged,not_supplied
1AsPTkL9O-zWpYePSHRFT1USx3B86x8G9,beauty shot 2.png,Brand Assets/Windows/beauty shot 2.png,brand,199ZlUKvV5ADGT5FuWkqQ3NYbjaD5TEKP,https://drive.google.com/file/d/1AsPTkL9O-zWpYePSHRFT1USx3B86x8G9/view,https://drive.google.com/drive/folders/199ZlUKvV5ADGT5FuWkqQ3NYbjaD5TEKP,image,.png,65.4 MB,,,False,False,linked_to_drive,cataloged,not_supplied
1UmpzN5XEbgibkfRKbyCIxiaxmehGWowX,casement beauty.png,Brand Assets/Windows/casement beauty.png,brand,199ZlUKvV5ADGT5FuWkqQ3NYbjaD5TEKP,https://drive.google.com/file/d/1UmpzN5XEbgibkfRKbyCIxiaxmehGWowX/view,https://drive.google.com/drive/folders/199ZlUKvV5ADGT5FuWkqQ3NYbjaD5TEKP,image,.png,34 MB,,,False,False,linked_to_drive,cataloged,not_supplied
1R5aLQd1WONusKwKdxh4QG500pX9PUa9R,casement window.png,Brand Assets/Windows/casement window.png,brand,199ZlUKvV5ADGT5FuWkqQ3NYbjaD5TEKP,https://drive.google.com/file/d/1R5aLQd1WONusKwKdxh4QG500pX9PUa9R/view,https://drive.google.com/drive/folders/199ZlUKvV5ADGT5FuWkqQ3NYbjaD5TEKP,image,.png,36.2 MB,,,False,False,linked_to_drive,cataloged,not_supplied
1bf8c9ajfQCSZN04zMw2ADKN36qpZ4MJ-,double hung windows.png,Brand Assets/Windows/double hung windows.png,brand,199ZlUKvV5ADGT5FuWkqQ3NYbjaD5TEKP,https://drive.google.com/file/d/1bf8c9ajfQCSZN04zMw2ADKN36qpZ4MJ-/view,https://drive.google.com/drive/folders/199ZlUKvV5ADGT5FuWkqQ3NYbjaD5TEKP,image,.png,48.4 MB,,,False,False,linked_to_drive,cataloged,not_supplied
1plFsWjXx_GqGMscAGGx-C9x_oC7r74zm,PHTO 2006 Homeworks Great Room Midwest Autumn 11B RGB.jpg,Brand Assets/Windows/PHTO 2006 Homeworks Great Room Midwest Autumn 11B RGB.jpg,brand,199ZlUKvV5ADGT5FuWkqQ3NYbjaD5TEKP,https://drive.google.com/file/d/1plFsWjXx_GqGMscAGGx-C9x_oC7r74zm/view,https://drive.google.com/drive/folders/199ZlUKvV5ADGT5FuWkqQ3NYbjaD5TEKP,image,.jpg,2.2 MB,,,False,False,linked_to_drive,cataloged,not_supplied
17g8KevAKotINR8hUKem3mk5l05oujcAD,PHTO Beauty Bedroom 12181 7549A RGB.jpg,Brand Assets/Windows/PHTO Beauty Bedroom 12181 7549A RGB.jpg,brand,199ZlUKvV5ADGT5FuWkqQ3NYbjaD5TEKP,https://drive.google.com/file/d/17g8KevAKotINR8hUKem3mk5l05oujcAD/view,https://drive.google.com/drive/folders/199ZlUKvV5ADGT5FuWkqQ3NYbjaD5TEKP,image,.jpg,8.7 MB,,,False,False,linked_to_drive,cataloged,not_supplied
1ZxrgbaqnS18cE0Z_vKJ2btkH-2bMLKxg,PHTO Beauty Bedroom 12759 1010A RGB.png,Brand Assets/Windows/PHTO Beauty Bedroom 12759 1010A RGB.png,brand,199ZlUKvV5ADGT5FuWkqQ3NYbjaD5TEKP,https://drive.google.com/file/d/1ZxrgbaqnS18cE0Z_vKJ2btkH-2bMLKxg/view,https://drive.google.com/drive/folders/199ZlUKvV5ADGT5FuWkqQ3NYbjaD5TEKP,image,.png,23.7 MB,,,False,False,linked_to_drive,cataloged,not_supplied
1mG9TUuTDnDJeL6hB0i-Nb3wzto-HGJU-,PHTO Beauty Stairwell 13502 1431A.png,Brand Assets/Windows/PHTO Beauty Stairwell 13502 1431A.png,brand,199ZlUKvV5ADGT5FuWkqQ3NYbjaD5TEKP,https://drive.google.com/file/d/1mG9TUuTDnDJeL6hB0i-Nb3wzto-HGJU-/view,https://drive.google.com/drive/folders/199ZlUKvV5ADGT5FuWkqQ3NYbjaD5TEKP,image,.png,39.9 MB,,,False,False,linked_to_drive,cataloged,not_supplied
1YbyV2CTT1J9h1m6aiHCcvxkgYjneshF0,PHTO Beauty Winslow Sunroom 13502 1350A.jpg,Brand Assets/Windows/PHTO Beauty Winslow Sunroom 13502 1350A.jpg,brand,199ZlUKvV5ADGT5FuWkqQ3NYbjaD5TEKP,https://drive.google.com/file/d/1YbyV2CTT1J9h1m6aiHCcvxkgYjneshF0/view,https://drive.google.com/drive/folders/199ZlUKvV5ADGT5FuWkqQ3NYbjaD5TEKP,image,.jpg,7.7 MB,,,False,False,linked_to_drive,cataloged,not_supplied
1FUxBxLHT54DbAgOsGX9PzXJ3cTnpkoRV,picture beauty.png,Brand Assets/Windows/picture beauty.png,brand,199ZlUKvV5ADGT5FuWkqQ3NYbjaD5TEKP,https://drive.google.com/file/d/1FUxBxLHT54DbAgOsGX9PzXJ3cTnpkoRV/view,https://drive.google.com/drive/folders/199ZlUKvV5ADGT5FuWkqQ3NYbjaD5TEKP,image,.png,49.7 MB,,,False,False,linked_to_drive,cataloged,not_supplied
1iXOv3KRUm9xX78UaaDFQx12U-uA7lrvB,window and door RBA.png,Brand Assets/Windows/window and door RBA.png,brand,199ZlUKvV5ADGT5FuWkqQ3NYbjaD5TEKP,https://drive.google.com/file/d/1iXOv3KRUm9xX78UaaDFQx12U-uA7lrvB/view,https://drive.google.com/drive/folders/199ZlUKvV5ADGT5FuWkqQ3NYbjaD5TEKP,image,.png,37.7 MB,,,False,False,linked_to_drive,cataloged,not_supplied
131IdsvfDLAwuFBKoaFrQ_ds8Oxl3rTUv,bay window.ai,Brand Assets/Working Vectors/bay window.ai,brand,1wmbPz4hKAY_yUg2fflSDUal3tAqCKXwE,https://drive.google.com/file/d/131IdsvfDLAwuFBKoaFrQ_ds8Oxl3rTUv/view,https://drive.google.com/drive/folders/1wmbPz4hKAY_yUg2fflSDUal3tAqCKXwE,vector,.ai,266 KB,,,False,False,linked_to_drive,cataloged,not_supplied
1rkCy4roVf6SsvRSAeD-OfsBMWPJEef68,ICON Patio Door Gliding Frenchwood 4-Panel Gray RGB.ai,Brand Assets/Working Vectors/ICON Patio Door Gliding Frenchwood 4-Panel Gray RGB.ai,brand,1wmbPz4hKAY_yUg2fflSDUal3tAqCKXwE,https://drive.google.com/file/d/1rkCy4roVf6SsvRSAeD-OfsBMWPJEef68/view,https://drive.google.com/drive/folders/1wmbPz4hKAY_yUg2fflSDUal3tAqCKXwE,vector,.ai,247 KB,,,False,False,linked_to_drive,cataloged,not_supplied
1Wv4Cdl92yici4Bk4ybYJ9uHWm9CtTHR0,ICON Patio Door Gliding Perma-Shield Gray RGB.ai,Brand Assets/Working Vectors/ICON Patio Door Gliding Perma-Shield Gray RGB.ai,brand,1wmbPz4hKAY_yUg2fflSDUal3tAqCKXwE,https://drive.google.com/file/d/1Wv4Cdl92yici4Bk4ybYJ9uHWm9CtTHR0/view,https://drive.google.com/drive/folders/1wmbPz4hKAY_yUg2fflSDUal3tAqCKXwE,vector,.ai,248 KB,,,False,False,linked_to_drive,cataloged,not_supplied
1d225qmzjQWDKt83hs5S1F3K17DUi79Rx,ICON Patio Door Hinged Frenchwood 2-Panel Gray RGB.ai,Brand Assets/Working Vectors/ICON Patio Door Hinged Frenchwood 2-Panel Gray RGB.ai,brand,1wmbPz4hKAY_yUg2fflSDUal3tAqCKXwE,https://drive.google.com/file/d/1d225qmzjQWDKt83hs5S1F3K17DUi79Rx/view,https://drive.google.com/drive/folders/1wmbPz4hKAY_yUg2fflSDUal3tAqCKXwE,vector,.ai,618 KB,,,False,False,linked_to_drive,cataloged,not_supplied
14JxrGkRhmWiEMuW9_WCEpXLrn4U5ivZc,ICON Patio Door Hinged Frenchwood Inswing 1-Panel Single Gray RGB.ai,Brand Assets/Working Vectors/ICON Patio Door Hinged Frenchwood Inswing 1-Panel Single Gray RGB.ai,brand,1wmbPz4hKAY_yUg2fflSDUal3tAqCKXwE,https://drive.google.com/file/d/14JxrGkRhmWiEMuW9_WCEpXLrn4U5ivZc/view,https://drive.google.com/drive/folders/1wmbPz4hKAY_yUg2fflSDUal3tAqCKXwE,vector,.ai,617 KB,,,False,False,linked_to_drive,cataloged,not_supplied
1IjLIuBNW0axhBvnogNAQ11o8N6BQt9np,ICON Patio Door Hinged Frenchwood Inswing 2-Panel Single Gray RGB.ai,Brand Assets/Working Vectors/ICON Patio Door Hinged Frenchwood Inswing 2-Panel Single Gray RGB.ai,brand,1wmbPz4hKAY_yUg2fflSDUal3tAqCKXwE,https://drive.google.com/file/d/1IjLIuBNW0axhBvnogNAQ11o8N6BQt9np/view,https://drive.google.com/drive/folders/1wmbPz4hKAY_yUg2fflSDUal3tAqCKXwE,vector,.ai,618 KB,,,False,False,linked_to_drive,cataloged,not_supplied
1LXwi1IO2ymCoBHZEJjmmVdowZ59ESaUe,ICON Patio Door Hinged Frenchwood Inswing 3-Panel Single Gray RGB.ai,Brand Assets/Working Vectors/ICON Patio Door Hinged Frenchwood Inswing 3-Panel Single Gray RGB.ai,brand,1wmbPz4hKAY_yUg2fflSDUal3tAqCKXwE,https://drive.google.com/file/d/1LXwi1IO2ymCoBHZEJjmmVdowZ59ESaUe/view,https://drive.google.com/drive/folders/1wmbPz4hKAY_yUg2fflSDUal3tAqCKXwE,vector,.ai,619 KB,,,False,False,linked_to_drive,cataloged,not_supplied
1GB8rhbZ9CzwhFZq2ZEdHJESmQ7_XKlAt,ILLO Window Projection Bow 5-Light RGB.ai,Brand Assets/Working Vectors/ILLO Window Projection Bow 5-Light RGB.ai,brand,1wmbPz4hKAY_yUg2fflSDUal3tAqCKXwE,https://drive.google.com/file/d/1GB8rhbZ9CzwhFZq2ZEdHJESmQ7_XKlAt/view,https://drive.google.com/drive/folders/1wmbPz4hKAY_yUg2fflSDUal3tAqCKXwE,vector,.ai,620 KB,,,False,False,linked_to_drive,cataloged,not_supplied
1zSOeYspSXNLwXHZzidPLHXlbLUoT0X81,ILLO Window Specialty Circle Top with Grilles RGB.ai,Brand Assets/Working Vectors/ILLO Window Specialty Circle Top with Grilles RGB.ai,brand,1wmbPz4hKAY_yUg2fflSDUal3tAqCKXwE,https://drive.google.com/file/d/1zSOeYspSXNLwXHZzidPLHXlbLUoT0X81/view,https://drive.google.com/drive/folders/1wmbPz4hKAY_yUg2fflSDUal3tAqCKXwE,vector,.ai,615 KB,,,False,False,linked_to_drive,cataloged,not_supplied
1WtFza30wO0IcYBWWut1MBEkpITBCXOm_,RbA Entry Doors.ai,Brand Assets/Working Vectors/RbA Entry Doors.ai,brand,1wmbPz4hKAY_yUg2fflSDUal3tAqCKXwE,https://drive.google.com/file/d/1WtFza30wO0IcYBWWut1MBEkpITBCXOm_/view,https://drive.google.com/drive/folders/1wmbPz4hKAY_yUg2fflSDUal3tAqCKXwE,vector,.ai,316 KB,,,False,False,linked_to_drive,cataloged,not_supplied
1lshB8cHSy9a6S5yi2AwrN30zPPxpdJkp,RbA Patio Doors.ai,Brand Assets/Working Vectors/RbA Patio Doors.ai,brand,1wmbPz4hKAY_yUg2fflSDUal3tAqCKXwE,https://drive.google.com/file/d/1lshB8cHSy9a6S5yi2AwrN30zPPxpdJkp/view,https://drive.google.com/drive/folders/1wmbPz4hKAY_yUg2fflSDUal3tAqCKXwE,vector,.ai,228 KB,,,False,False,linked_to_drive,cataloged,not_supplied
14gD5tAjRDEqwUEFkF4YlGiL4DBYNuVy0,SR Windows.ai,Brand Assets/Working Vectors/SR Windows.ai,brand,1wmbPz4hKAY_yUg2fflSDUal3tAqCKXwE,https://drive.google.com/file/d/14gD5tAjRDEqwUEFkF4YlGiL4DBYNuVy0/view,https://drive.google.com/drive/folders/1wmbPz4hKAY_yUg2fflSDUal3tAqCKXwE,vector,.ai,1.7 MB,,,False,False,linked_to_drive,cataloged,not_supplied
1mxPKOeAy5xYdW3e-9WVlh1FYX-dN0xdW,My-Gold.ai,Brand Assets/Working Vectors/Textures 2/My-Gold.ai,brand,1cFHKZMedByLJuhDurdpZrLI7QA4FIxts,https://drive.google.com/file/d/1mxPKOeAy5xYdW3e-9WVlh1FYX-dN0xdW/view,https://drive.google.com/drive/folders/1cFHKZMedByLJuhDurdpZrLI7QA4FIxts,vector,.ai,1.1 MB,,,False,False,linked_to_drive,cataloged,not_supplied
1X2MlmJY1alfsNoDqLvrqigv18CSjf1qS,TXTR Blocks 1A CMYK.ai,Brand Assets/Working Vectors/Textures 2/TXTR Blocks 1A CMYK.ai,brand,1cFHKZMedByLJuhDurdpZrLI7QA4FIxts,https://drive.google.com/file/d/1X2MlmJY1alfsNoDqLvrqigv18CSjf1qS/view,https://drive.google.com/drive/folders/1cFHKZMedByLJuhDurdpZrLI7QA4FIxts,vector,.ai,1.4 MB,,,False,False,linked_to_drive,cataloged,not_supplied
124Lt0jWenmEoOvpXtNv1GIVPJRtc9ZnR,TXTR Blocks Dark 1A CMYK.ai,Brand Assets/Working Vectors/Textures 2/TXTR Blocks Dark 1A CMYK.ai,brand,1cFHKZMedByLJuhDurdpZrLI7QA4FIxts,https://drive.google.com/file/d/124Lt0jWenmEoOvpXtNv1GIVPJRtc9ZnR/view,https://drive.google.com/drive/folders/1cFHKZMedByLJuhDurdpZrLI7QA4FIxts,vector,.ai,1.3 MB,,,False,False,linked_to_drive,cataloged,not_supplied
1OznlPlF2oPjINSOCoaE7VedxQEWDfOoa,TXTR Cube Farm 1A CMYK.ai,Brand Assets/Working Vectors/Textures 2/TXTR Cube Farm 1A CMYK.ai,brand,1cFHKZMedByLJuhDurdpZrLI7QA4FIxts,https://drive.google.com/file/d/1OznlPlF2oPjINSOCoaE7VedxQEWDfOoa/view,https://drive.google.com/drive/folders/1cFHKZMedByLJuhDurdpZrLI7QA4FIxts,vector,.ai,1 MB,,,False,False,linked_to_drive,cataloged,not_supplied
1KJfHTO_YqpRVZhvkI5aLVFG4oSpMZrbn,TXTR Cube Farm 1A CMYK.png,Brand Assets/Working Vectors/Textures 2/TXTR Cube Farm 1A CMYK.png,brand,1cFHKZMedByLJuhDurdpZrLI7QA4FIxts,https://drive.google.com/file/d/1KJfHTO_YqpRVZhvkI5aLVFG4oSpMZrbn/view,https://drive.google.com/drive/folders/1cFHKZMedByLJuhDurdpZrLI7QA4FIxts,image,.png,915 KB,,,False,False,linked_to_drive,cataloged,not_supplied
1hFyNSIOjFVvoBOrvg3h2A1AkLLNU9U3l,TXTR Cube Farm Dark 1A CMYK.ai,Brand Assets/Working Vectors/Textures 2/TXTR Cube Farm Dark 1A CMYK.ai,brand,1cFHKZMedByLJuhDurdpZrLI7QA4FIxts,https://drive.google.com/file/d/1hFyNSIOjFVvoBOrvg3h2A1AkLLNU9U3l/view,https://drive.google.com/drive/folders/1cFHKZMedByLJuhDurdpZrLI7QA4FIxts,vector,.ai,1.1 MB,,,False,False,linked_to_drive,cataloged,not_supplied
1mnZ_4OyHWuqInf0wku6YQfhLIHb7e44o,TXTR Cube Farm Dark 1A RGB.ai,Brand Assets/Working Vectors/Textures 2/TXTR Cube Farm Dark 1A RGB.ai,brand,1cFHKZMedByLJuhDurdpZrLI7QA4FIxts,https://drive.google.com/file/d/1mnZ_4OyHWuqInf0wku6YQfhLIHb7e44o/view,https://drive.google.com/drive/folders/1cFHKZMedByLJuhDurdpZrLI7QA4FIxts,vector,.ai,263 KB,,,False,False,linked_to_drive,cataloged,not_supplied
1JJGz0VedU2En_p_n3qeh0ShYbNMml2tc,TXTR Cube Farm Dark 1A RGB.png,Brand Assets/Working Vectors/Textures 2/TXTR Cube Farm Dark 1A RGB.png,brand,1cFHKZMedByLJuhDurdpZrLI7QA4FIxts,https://drive.google.com/file/d/1JJGz0VedU2En_p_n3qeh0ShYbNMml2tc/view,https://drive.google.com/drive/folders/1cFHKZMedByLJuhDurdpZrLI7QA4FIxts,image,.png,83 KB,,,False,False,linked_to_drive,cataloged,not_supplied
18bY_rovdG7VdR6xlYXUTBiDdhb4nKzry,TXTR Dots Dark 1A CMYK.ai,Brand Assets/Working Vectors/Textures 2/TXTR Dots Dark 1A CMYK.ai,brand,1cFHKZMedByLJuhDurdpZrLI7QA4FIxts,https://drive.google.com/file/d/18bY_rovdG7VdR6xlYXUTBiDdhb4nKzry/view,https://drive.google.com/drive/folders/1cFHKZMedByLJuhDurdpZrLI7QA4FIxts,vector,.ai,1.9 MB,,,False,False,linked_to_drive,cataloged,not_supplied
1s_TQRJEigcU0swSKwfRwJWXOoWV_Ytn3,TXTR Flux 1A CMYK.ai,Brand Assets/Working Vectors/Textures 2/TXTR Flux 1A CMYK.ai,brand,1cFHKZMedByLJuhDurdpZrLI7QA4FIxts,https://drive.google.com/file/d/1s_TQRJEigcU0swSKwfRwJWXOoWV_Ytn3/view,https://drive.google.com/drive/folders/1cFHKZMedByLJuhDurdpZrLI7QA4FIxts,vector,.ai,983 KB,,,False,False,linked_to_drive,cataloged,not_supplied
1nqHklZmddjfvxSpUYeIOB_s6EUp84i56,TXTR Pyramid 1A_header.ai,Brand Assets/Working Vectors/Textures 2/TXTR Pyramid 1A_header.ai,brand,1cFHKZMedByLJuhDurdpZrLI7QA4FIxts,https://drive.google.com/file/d/1nqHklZmddjfvxSpUYeIOB_s6EUp84i56/view,https://drive.google.com/drive/folders/1cFHKZMedByLJuhDurdpZrLI7QA4FIxts,vector,.ai,1 MB,,,False,False,linked_to_drive,cataloged,not_supplied
1RyZvPwVtjlvIdqsczjEBDQ9n5wa1OYAm,TXTR Pyramid 1A_header.jpg,Brand Assets/Working Vectors/Textures 2/TXTR Pyramid 1A_header.jpg,brand,1cFHKZMedByLJuhDurdpZrLI7QA4FIxts,https://drive.google.com/file/d/1RyZvPwVtjlvIdqsczjEBDQ9n5wa1OYAm/view,https://drive.google.com/drive/folders/1cFHKZMedByLJuhDurdpZrLI7QA4FIxts,image,.jpg,18 KB,,,False,False,linked_to_drive,cataloged,not_supplied
13bqeEU2mbgQCtf4bnM_-lkOIzJtGxlHZ,TXTR Pyramids 1A RGB.ai,Brand Assets/Working Vectors/Textures 2/TXTR Pyramids 1A RGB.ai,brand,1cFHKZMedByLJuhDurdpZrLI7QA4FIxts,https://drive.google.com/file/d/13bqeEU2mbgQCtf4bnM_-lkOIzJtGxlHZ/view,https://drive.google.com/drive/folders/1cFHKZMedByLJuhDurdpZrLI7QA4FIxts,vector,.ai,166 KB,,,False,False,linked_to_drive,cataloged,not_supplied
1QAsBrijVSJQN_bJy4dxh8BfLJa88NG08,TXTR Pyramids 1A RGB.png,Brand Assets/Working Vectors/Textures 2/TXTR Pyramids 1A RGB.png,brand,1cFHKZMedByLJuhDurdpZrLI7QA4FIxts,https://drive.google.com/file/d/1QAsBrijVSJQN_bJy4dxh8BfLJa88NG08/view,https://drive.google.com/drive/folders/1cFHKZMedByLJuhDurdpZrLI7QA4FIxts,image,.png,43 KB,,,False,False,linked_to_drive,cataloged,not_supplied
1Z1LqYFK7K04M4fMVOfsDADd50wpKY19N,TXTR Pyramids Dark 1A CMYK.ai,Brand Assets/Working Vectors/Textures 2/TXTR Pyramids Dark 1A CMYK.ai,brand,1cFHKZMedByLJuhDurdpZrLI7QA4FIxts,https://drive.google.com/file/d/1Z1LqYFK7K04M4fMVOfsDADd50wpKY19N/view,https://drive.google.com/drive/folders/1cFHKZMedByLJuhDurdpZrLI7QA4FIxts,vector,.ai,962 KB,,,False,False,linked_to_drive,cataloged,not_supplied
1wOXDA0oEi0Q36dfuDRHT7QcaHCVxjMQP,TXTR Pyramids Dark 1A RGB.ai,Brand Assets/Working Vectors/Textures 2/TXTR Pyramids Dark 1A RGB.ai,brand,1cFHKZMedByLJuhDurdpZrLI7QA4FIxts,https://drive.google.com/file/d/1wOXDA0oEi0Q36dfuDRHT7QcaHCVxjMQP/view,https://drive.google.com/drive/folders/1cFHKZMedByLJuhDurdpZrLI7QA4FIxts,vector,.ai,189 KB,,,False,False,linked_to_drive,cataloged,not_supplied
1I2ngU918zCYED6PXMdFCjJqzTYJW8XA0,TXTR Tread 1A CMYK.ai,Brand Assets/Working Vectors/Textures 2/TXTR Tread 1A CMYK.ai,brand,1cFHKZMedByLJuhDurdpZrLI7QA4FIxts,https://drive.google.com/file/d/1I2ngU918zCYED6PXMdFCjJqzTYJW8XA0/view,https://drive.google.com/drive/folders/1cFHKZMedByLJuhDurdpZrLI7QA4FIxts,vector,.ai,1.3 MB,,,False,False,linked_to_drive,cataloged,not_supplied
1ah6cbb0HHDXa4J60tn8n5EjI6ow1y_Lx,TXTR Tread 1A CMYK.jpg,Brand Assets/Working Vectors/Textures 2/TXTR Tread 1A CMYK.jpg,brand,1cFHKZMedByLJuhDurdpZrLI7QA4FIxts,https://drive.google.com/file/d/1ah6cbb0HHDXa4J60tn8n5EjI6ow1y_Lx/view,https://drive.google.com/drive/folders/1cFHKZMedByLJuhDurdpZrLI7QA4FIxts,image,.jpg,42 KB,,,False,False,linked_to_drive,cataloged,not_supplied
16hnajqK7z4sK8fb6BqHWQ4G9f_MhaKeR,TXTR Tread 1A_header.ai,Brand Assets/Working Vectors/Textures 2/TXTR Tread 1A_header.ai,brand,1cFHKZMedByLJuhDurdpZrLI7QA4FIxts,https://drive.google.com/file/d/16hnajqK7z4sK8fb6BqHWQ4G9f_MhaKeR/view,https://drive.google.com/drive/folders/1cFHKZMedByLJuhDurdpZrLI7QA4FIxts,vector,.ai,1.2 MB,,,False,False,linked_to_drive,cataloged,not_supplied
1cwygXkDbdf5TX7J29eFCAkKS4LlCqKzj,TXTR Tread 1A_header.jpg,Brand Assets/Working Vectors/Textures 2/TXTR Tread 1A_header.jpg,brand,1cFHKZMedByLJuhDurdpZrLI7QA4FIxts,https://drive.google.com/file/d/1cwygXkDbdf5TX7J29eFCAkKS4LlCqKzj/view,https://drive.google.com/drive/folders/1cFHKZMedByLJuhDurdpZrLI7QA4FIxts,image,.jpg,16 KB,,,False,False,linked_to_drive,cataloged,not_supplied
1uJZq9BmTNbOtvFdreiPVrEXDZ7KrwHt8,TXTR Tread Dark 1A CMYK.ai,Brand Assets/Working Vectors/Textures 2/TXTR Tread Dark 1A CMYK.ai,brand,1cFHKZMedByLJuhDurdpZrLI7QA4FIxts,https://drive.google.com/file/d/1uJZq9BmTNbOtvFdreiPVrEXDZ7KrwHt8/view,https://drive.google.com/drive/folders/1cFHKZMedByLJuhDurdpZrLI7QA4FIxts,vector,.ai,1.2 MB,,,False,False,linked_to_drive,cataloged,not_supplied
1ecEMx77FSiCQ74q0rwVamlk7pwXSU_wn,TXTR Tread Dark 1A CMYK.png,Brand Assets/Working Vectors/Textures 2/TXTR Tread Dark 1A CMYK.png,brand,1cFHKZMedByLJuhDurdpZrLI7QA4FIxts,https://drive.google.com/file/d/1ecEMx77FSiCQ74q0rwVamlk7pwXSU_wn/view,https://drive.google.com/drive/folders/1cFHKZMedByLJuhDurdpZrLI7QA4FIxts,image,.png,83 KB,,,False,False,linked_to_drive,cataloged,not_supplied
175RrPdw1YMIHiH3gv1-qk23w5UM-RWCjerGVb8225xg,2026 Meta Ad Copy,Past Meta Content/2026 Meta Copy/2026 Meta Ad Copy,meta,1lpCbAb6P4xkp9Isgk6b-sztjCfzIwX4K,https://drive.google.com/file/d/175RrPdw1YMIHiH3gv1-qk23w5UM-RWCjerGVb8225xg/view,https://drive.google.com/drive/folders/1lpCbAb6P4xkp9Isgk6b-sztjCfzIwX4K,document,,5 KB,,,False,False,linked_to_drive,cataloged,not_supplied
19UiY12SWzIv2iu5gfgRJnUUbWx8Z-f29DBWrTdl4gOE,2026 Meta Scripts,Past Meta Content/2026 Meta Copy/2026 Meta Scripts,meta,1lpCbAb6P4xkp9Isgk6b-sztjCfzIwX4K,https://drive.google.com/file/d/19UiY12SWzIv2iu5gfgRJnUUbWx8Z-f29DBWrTdl4gOE/view,https://drive.google.com/drive/folders/1lpCbAb6P4xkp9Isgk6b-sztjCfzIwX4K,document,,6 KB,,,False,False,linked_to_drive,cataloged,not_supplied
12HuoxyRlBXq5Vmz4kZcsf2zR063DyM-D,ad 1.jpg,Past Meta Content/April/ad 1.jpg,meta,1fjd0qVQb_5HlQXBDsB2CRxjt7TSfCm5c,https://drive.google.com/file/d/12HuoxyRlBXq5Vmz4kZcsf2zR063DyM-D/view,https://drive.google.com/drive/folders/1fjd0qVQb_5HlQXBDsB2CRxjt7TSfCm5c,image,.jpg,189 KB,April,,False,False,linked_to_drive,cataloged,not_supplied
1vwtsrNuNoQQ0z-EkybLQfJYALnq0vXzb,ad 2.jpg,Past Meta Content/April/ad 2.jpg,meta,1fjd0qVQb_5HlQXBDsB2CRxjt7TSfCm5c,https://drive.google.com/file/d/1vwtsrNuNoQQ0z-EkybLQfJYALnq0vXzb/view,https://drive.google.com/drive/folders/1fjd0qVQb_5HlQXBDsB2CRxjt7TSfCm5c,image,.jpg,214 KB,April,,False,False,linked_to_drive,cataloged,not_supplied
1sbu-1jvqm3deGoGbBH95-qpkWkq3oqTx,ad 3.jpg,Past Meta Content/April/ad 3.jpg,meta,1fjd0qVQb_5HlQXBDsB2CRxjt7TSfCm5c,https://drive.google.com/file/d/1sbu-1jvqm3deGoGbBH95-qpkWkq3oqTx/view,https://drive.google.com/drive/folders/1fjd0qVQb_5HlQXBDsB2CRxjt7TSfCm5c,image,.jpg,145 KB,April,,False,False,linked_to_drive,cataloged,not_supplied
1Yyu8p2Jo2ZLIfbg3Ed4BkEw56znPrIxO,ad 4.jpg,Past Meta Content/April/ad 4.jpg,meta,1fjd0qVQb_5HlQXBDsB2CRxjt7TSfCm5c,https://drive.google.com/file/d/1Yyu8p2Jo2ZLIfbg3Ed4BkEw56znPrIxO/view,https://drive.google.com/drive/folders/1fjd0qVQb_5HlQXBDsB2CRxjt7TSfCm5c,image,.jpg,214 KB,April,,False,False,linked_to_drive,cataloged,not_supplied
1STp8VgdCXE5nix3mKAq-nK5kqBt_L1mm,ad 5.jpg,Past Meta Content/April/ad 5.jpg,meta,1fjd0qVQb_5HlQXBDsB2CRxjt7TSfCm5c,https://drive.google.com/file/d/1STp8VgdCXE5nix3mKAq-nK5kqBt_L1mm/view,https://drive.google.com/drive/folders/1fjd0qVQb_5HlQXBDsB2CRxjt7TSfCm5c,image,.jpg,159 KB,April,,False,False,linked_to_drive,cataloged,not_supplied
1k57wQ-wGsAGtdACssHS7mU2ZSWscAcr3,VO1_1.mp4,Past Meta Content/April/VO1_1.mp4,meta,1fjd0qVQb_5HlQXBDsB2CRxjt7TSfCm5c,https://drive.google.com/file/d/1k57wQ-wGsAGtdACssHS7mU2ZSWscAcr3/view,https://drive.google.com/drive/folders/1fjd0qVQb_5HlQXBDsB2CRxjt7TSfCm5c,video,.mp4,9.5 MB,April,,False,False,linked_to_drive,cataloged,not_supplied
1LzPvA4jpzlETpXFSH5EmHYehvE1mNLwG,VO2.mp4,Past Meta Content/April/VO2.mp4,meta,1fjd0qVQb_5HlQXBDsB2CRxjt7TSfCm5c,https://drive.google.com/file/d/1LzPvA4jpzlETpXFSH5EmHYehvE1mNLwG/view,https://drive.google.com/drive/folders/1fjd0qVQb_5HlQXBDsB2CRxjt7TSfCm5c,video,.mp4,12.6 MB,April,,False,False,linked_to_drive,cataloged,not_supplied
1206B_RQwa-Ba2WdY-7j58ywhP--9suQ-,🏆 World-class service.docx,Past Meta Content/April/🏆 World-class service.docx,meta,1fjd0qVQb_5HlQXBDsB2CRxjt7TSfCm5c,https://drive.google.com/file/d/1206B_RQwa-Ba2WdY-7j58ywhP--9suQ-/view,https://drive.google.com/drive/folders/1fjd0qVQb_5HlQXBDsB2CRxjt7TSfCm5c,document,.docx,7 KB,April,,False,False,linked_to_drive,cataloged,not_supplied
1G6mnpe5aF0Ts5qtmdU94taPC9qH1f5RU,1-11.jpg,Past Meta Content/August/1-11.jpg,meta,12TQSJ-yqry49zbd2Is7hLkZQ-ZNsaOeX,https://drive.google.com/file/d/1G6mnpe5aF0Ts5qtmdU94taPC9qH1f5RU/view,https://drive.google.com/drive/folders/12TQSJ-yqry49zbd2Is7hLkZQ-ZNsaOeX,image,.jpg,577 KB,August,,False,False,linked_to_drive,cataloged,not_supplied
1jesAJdQbHP7jFqm_Z5Nc9XP4jUko4J0C,1-45.jpg,Past Meta Content/August/1-45.jpg,meta,12TQSJ-yqry49zbd2Is7hLkZQ-ZNsaOeX,https://drive.google.com/file/d/1jesAJdQbHP7jFqm_Z5Nc9XP4jUko4J0C/view,https://drive.google.com/drive/folders/12TQSJ-yqry49zbd2Is7hLkZQ-ZNsaOeX,image,.jpg,582 KB,August,,False,False,linked_to_drive,cataloged,not_supplied
1ZfnXfKMBb1W4HV5-v31ue5yAtZpruI6d,10-11.jpg,Past Meta Content/August/10-11.jpg,meta,12TQSJ-yqry49zbd2Is7hLkZQ-ZNsaOeX,https://drive.google.com/file/d/1ZfnXfKMBb1W4HV5-v31ue5yAtZpruI6d/view,https://drive.google.com/drive/folders/12TQSJ-yqry49zbd2Is7hLkZQ-ZNsaOeX,image,.jpg,688 KB,August,,False,False,linked_to_drive,cataloged,not_supplied
1nJSGK0ZtYk90up9rD79PASXt6schbkvd,10-45.jpg,Past Meta Content/August/10-45.jpg,meta,12TQSJ-yqry49zbd2Is7hLkZQ-ZNsaOeX,https://drive.google.com/file/d/1nJSGK0ZtYk90up9rD79PASXt6schbkvd/view,https://drive.google.com/drive/folders/12TQSJ-yqry49zbd2Is7hLkZQ-ZNsaOeX,image,.jpg,768 KB,August,,False,False,linked_to_drive,cataloged,not_supplied
1QNYW_77nWYypSXRl4237nDdditCogsrs,2-11.jpg,Past Meta Content/August/2-11.jpg,meta,12TQSJ-yqry49zbd2Is7hLkZQ-ZNsaOeX,https://drive.google.com/file/d/1QNYW_77nWYypSXRl4237nDdditCogsrs/view,https://drive.google.com/drive/folders/12TQSJ-yqry49zbd2Is7hLkZQ-ZNsaOeX,image,.jpg,972 KB,August,,False,False,linked_to_drive,cataloged,not_supplied
1Fjq82wtvJSbjqF2ChPWbDK6s-aqHJxTD,2-45.jpg,Past Meta Content/August/2-45.jpg,meta,12TQSJ-yqry49zbd2Is7hLkZQ-ZNsaOeX,https://drive.google.com/file/d/1Fjq82wtvJSbjqF2ChPWbDK6s-aqHJxTD/view,https://drive.google.com/drive/folders/12TQSJ-yqry49zbd2Is7hLkZQ-ZNsaOeX,image,.jpg,1 MB,August,,False,False,linked_to_drive,cataloged,not_supplied
1A3H0AhVgzgEbX_nNc7JLdCjHmgRD0Kfj,3-11.jpg,Past Meta Content/August/3-11.jpg,meta,12TQSJ-yqry49zbd2Is7hLkZQ-ZNsaOeX,https://drive.google.com/file/d/1A3H0AhVgzgEbX_nNc7JLdCjHmgRD0Kfj/view,https://drive.google.com/drive/folders/12TQSJ-yqry49zbd2Is7hLkZQ-ZNsaOeX,image,.jpg,699 KB,August,,False,False,linked_to_drive,cataloged,not_supplied
1tk2ccUkQycld_2WYK3cfpdaTO0YdUgcU,3-45.jpg,Past Meta Content/August/3-45.jpg,meta,12TQSJ-yqry49zbd2Is7hLkZQ-ZNsaOeX,https://drive.google.com/file/d/1tk2ccUkQycld_2WYK3cfpdaTO0YdUgcU/view,https://drive.google.com/drive/folders/12TQSJ-yqry49zbd2Is7hLkZQ-ZNsaOeX,image,.jpg,802 KB,August,,False,False,linked_to_drive,cataloged,not_supplied
1TDAEbi3GUNkNSh5JcO2EVC2qq_7rQ27H,4-11.jpg,Past Meta Content/August/4-11.jpg,meta,12TQSJ-yqry49zbd2Is7hLkZQ-ZNsaOeX,https://drive.google.com/file/d/1TDAEbi3GUNkNSh5JcO2EVC2qq_7rQ27H/view,https://drive.google.com/drive/folders/12TQSJ-yqry49zbd2Is7hLkZQ-ZNsaOeX,image,.jpg,828 KB,August,,False,False,linked_to_drive,cataloged,not_supplied
1_HNLckJoHzf_ckqOIl0l-Gm09XS7Lrk3,4-45.jpg,Past Meta Content/August/4-45.jpg,meta,12TQSJ-yqry49zbd2Is7hLkZQ-ZNsaOeX,https://drive.google.com/file/d/1_HNLckJoHzf_ckqOIl0l-Gm09XS7Lrk3/view,https://drive.google.com/drive/folders/12TQSJ-yqry49zbd2Is7hLkZQ-ZNsaOeX,image,.jpg,955 KB,August,,False,False,linked_to_drive,cataloged,not_supplied
14CgVjIqiKkBJCwvTnIL2dJcDc9E3X4rY,5-11,Past Meta Content/August/5-11,meta,12TQSJ-yqry49zbd2Is7hLkZQ-ZNsaOeX,https://drive.google.com/file/d/14CgVjIqiKkBJCwvTnIL2dJcDc9E3X4rY/view,https://drive.google.com/drive/folders/12TQSJ-yqry49zbd2Is7hLkZQ-ZNsaOeX,image,,1.3 MB,August,,False,False,linked_to_drive,cataloged,not_supplied
126-SmaefB0evg-1j_2i4w9IiLjP3boYc,5-45.jpg,Past Meta Content/August/5-45.jpg,meta,12TQSJ-yqry49zbd2Is7hLkZQ-ZNsaOeX,https://drive.google.com/file/d/126-SmaefB0evg-1j_2i4w9IiLjP3boYc/view,https://drive.google.com/drive/folders/12TQSJ-yqry49zbd2Is7hLkZQ-ZNsaOeX,image,.jpg,945 KB,August,,False,False,linked_to_drive,cataloged,not_supplied
13peXIPCJzOpeL5L-ubbexj_s5aTSyQyJ,6-11.jpg,Past Meta Content/August/6-11.jpg,meta,12TQSJ-yqry49zbd2Is7hLkZQ-ZNsaOeX,https://drive.google.com/file/d/13peXIPCJzOpeL5L-ubbexj_s5aTSyQyJ/view,https://drive.google.com/drive/folders/12TQSJ-yqry49zbd2Is7hLkZQ-ZNsaOeX,image,.jpg,810 KB,August,,False,False,linked_to_drive,cataloged,not_supplied
1BcN8WvKJkGbb18rG859w857kDg1MxoA5,6-45.jpg,Past Meta Content/August/6-45.jpg,meta,12TQSJ-yqry49zbd2Is7hLkZQ-ZNsaOeX,https://drive.google.com/file/d/1BcN8WvKJkGbb18rG859w857kDg1MxoA5/view,https://drive.google.com/drive/folders/12TQSJ-yqry49zbd2Is7hLkZQ-ZNsaOeX,image,.jpg,939 KB,August,,False,False,linked_to_drive,cataloged,not_supplied
1xw6ZRmQvSeLj9QslOYY0krKtdRKcm0QR,7-11.jpg,Past Meta Content/August/7-11.jpg,meta,12TQSJ-yqry49zbd2Is7hLkZQ-ZNsaOeX,https://drive.google.com/file/d/1xw6ZRmQvSeLj9QslOYY0krKtdRKcm0QR/view,https://drive.google.com/drive/folders/12TQSJ-yqry49zbd2Is7hLkZQ-ZNsaOeX,image,.jpg,663 KB,August,,False,False,linked_to_drive,cataloged,not_supplied
1LP4BEmykVHT8AQVRN1GqEmHu4hpwBX1g,7-45.jpg,Past Meta Content/August/7-45.jpg,meta,12TQSJ-yqry49zbd2Is7hLkZQ-ZNsaOeX,https://drive.google.com/file/d/1LP4BEmykVHT8AQVRN1GqEmHu4hpwBX1g/view,https://drive.google.com/drive/folders/12TQSJ-yqry49zbd2Is7hLkZQ-ZNsaOeX,image,.jpg,772 KB,August,,False,False,linked_to_drive,cataloged,not_supplied
1ebeVdPJN3lr_zlbQyh7mDMlS4emMgfop,8-11.jpg,Past Meta Content/August/8-11.jpg,meta,12TQSJ-yqry49zbd2Is7hLkZQ-ZNsaOeX,https://drive.google.com/file/d/1ebeVdPJN3lr_zlbQyh7mDMlS4emMgfop/view,https://drive.google.com/drive/folders/12TQSJ-yqry49zbd2Is7hLkZQ-ZNsaOeX,image,.jpg,437 KB,August,,False,False,linked_to_drive,cataloged,not_supplied
1rx3qylUlpkxjAYvAqYRWl9Ri_ZDXLGm0,8-45.jpg,Past Meta Content/August/8-45.jpg,meta,12TQSJ-yqry49zbd2Is7hLkZQ-ZNsaOeX,https://drive.google.com/file/d/1rx3qylUlpkxjAYvAqYRWl9Ri_ZDXLGm0/view,https://drive.google.com/drive/folders/12TQSJ-yqry49zbd2Is7hLkZQ-ZNsaOeX,image,.jpg,508 KB,August,,False,False,linked_to_drive,cataloged,not_supplied
1fMbF75pbvd2W0lpqQx5D__I_RmB_go58,9-11.jpg,Past Meta Content/August/9-11.jpg,meta,12TQSJ-yqry49zbd2Is7hLkZQ-ZNsaOeX,https://drive.google.com/file/d/1fMbF75pbvd2W0lpqQx5D__I_RmB_go58/view,https://drive.google.com/drive/folders/12TQSJ-yqry49zbd2Is7hLkZQ-ZNsaOeX,image,.jpg,529 KB,August,,False,False,linked_to_drive,cataloged,not_supplied
1gaNKlj6ndaaoQ-ca3hMEXUBuh05Jn_cs,9-45.jpg,Past Meta Content/August/9-45.jpg,meta,12TQSJ-yqry49zbd2Is7hLkZQ-ZNsaOeX,https://drive.google.com/file/d/1gaNKlj6ndaaoQ-ca3hMEXUBuh05Jn_cs/view,https://drive.google.com/drive/folders/12TQSJ-yqry49zbd2Is7hLkZQ-ZNsaOeX,image,.jpg,609 KB,August,,False,False,linked_to_drive,cataloged,not_supplied
1svC5br7_1uGOnwz-O16sCvCyiiOLJNGx,ad 1.png,Past Meta Content/July/Static 1:1/ad 1.png,meta,1ll9_oKmZ1LcRCcml8by99DDJMclBMIYI,https://drive.google.com/file/d/1svC5br7_1uGOnwz-O16sCvCyiiOLJNGx/view,https://drive.google.com/drive/folders/1ll9_oKmZ1LcRCcml8by99DDJMclBMIYI,image,.png,469 KB,July,1:1,False,False,linked_to_drive,cataloged,not_supplied
1br65m_cJy0u2Ed56LcoLm1LQkoFnxyFn,ad 2.png,Past Meta Content/July/Static 1:1/ad 2.png,meta,1ll9_oKmZ1LcRCcml8by99DDJMclBMIYI,https://drive.google.com/file/d/1br65m_cJy0u2Ed56LcoLm1LQkoFnxyFn/view,https://drive.google.com/drive/folders/1ll9_oKmZ1LcRCcml8by99DDJMclBMIYI,image,.png,1.8 MB,July,1:1,False,False,linked_to_drive,cataloged,not_supplied
1Wh9P25xJQ9XGTKE2f5u0obuaQg5qLnH-,ad 3.png,Past Meta Content/July/Static 1:1/ad 3.png,meta,1ll9_oKmZ1LcRCcml8by99DDJMclBMIYI,https://drive.google.com/file/d/1Wh9P25xJQ9XGTKE2f5u0obuaQg5qLnH-/view,https://drive.google.com/drive/folders/1ll9_oKmZ1LcRCcml8by99DDJMclBMIYI,image,.png,1.9 MB,July,1:1,False,False,linked_to_drive,cataloged,not_supplied
1F07O0BH7h5sW-SP08SuXL9r4q09mjV7t,ad 4.png,Past Meta Content/July/Static 1:1/ad 4.png,meta,1ll9_oKmZ1LcRCcml8by99DDJMclBMIYI,https://drive.google.com/file/d/1F07O0BH7h5sW-SP08SuXL9r4q09mjV7t/view,https://drive.google.com/drive/folders/1ll9_oKmZ1LcRCcml8by99DDJMclBMIYI,image,.png,1.8 MB,July,1:1,False,False,linked_to_drive,cataloged,not_supplied
1uSI0s7bCGv4dbF5kCempLEs2MqNEBGLY,ad 5.png,Past Meta Content/July/Static 1:1/ad 5.png,meta,1ll9_oKmZ1LcRCcml8by99DDJMclBMIYI,https://drive.google.com/file/d/1uSI0s7bCGv4dbF5kCempLEs2MqNEBGLY/view,https://drive.google.com/drive/folders/1ll9_oKmZ1LcRCcml8by99DDJMclBMIYI,image,.png,1.1 MB,July,1:1,False,False,linked_to_drive,cataloged,not_supplied
1z140QPbF9nBilxoKyfWYANz7mGog59FG,ad 1.png,Past Meta Content/July/Static 4:5/ad 1.png,meta,1j06YrP0daC5uh_QDKyc5mx3P7x1HZE97,https://drive.google.com/file/d/1z140QPbF9nBilxoKyfWYANz7mGog59FG/view,https://drive.google.com/drive/folders/1j06YrP0daC5uh_QDKyc5mx3P7x1HZE97,image,.png,1.5 MB,July,4:5,False,False,linked_to_drive,cataloged,not_supplied
1debEb00Gn_ICZxuN3y0IPEtVKntZkro2,ad 2.png,Past Meta Content/July/Static 4:5/ad 2.png,meta,1j06YrP0daC5uh_QDKyc5mx3P7x1HZE97,https://drive.google.com/file/d/1debEb00Gn_ICZxuN3y0IPEtVKntZkro2/view,https://drive.google.com/drive/folders/1j06YrP0daC5uh_QDKyc5mx3P7x1HZE97,image,.png,373 KB,July,4:5,False,False,linked_to_drive,cataloged,not_supplied
1w-dQ9P0Q5PT0s7OMdd-e2iHUVSfAGfM3,ad 3.png,Past Meta Content/July/Static 4:5/ad 3.png,meta,1j06YrP0daC5uh_QDKyc5mx3P7x1HZE97,https://drive.google.com/file/d/1w-dQ9P0Q5PT0s7OMdd-e2iHUVSfAGfM3/view,https://drive.google.com/drive/folders/1j06YrP0daC5uh_QDKyc5mx3P7x1HZE97,image,.png,783 KB,July,4:5,False,False,linked_to_drive,cataloged,not_supplied
1ZkmNRc7ahkjaXh7xrEttQObE2CN9lV_D,ad 4.png,Past Meta Content/July/Static 4:5/ad 4.png,meta,1j06YrP0daC5uh_QDKyc5mx3P7x1HZE97,https://drive.google.com/file/d/1ZkmNRc7ahkjaXh7xrEttQObE2CN9lV_D/view,https://drive.google.com/drive/folders/1j06YrP0daC5uh_QDKyc5mx3P7x1HZE97,image,.png,1.4 MB,July,4:5,False,False,linked_to_drive,cataloged,not_supplied
1nUcSN7yMzePtJkV3B6TuWcMClenHS1mq,ad 5.png,Past Meta Content/July/Static 4:5/ad 5.png,meta,1j06YrP0daC5uh_QDKyc5mx3P7x1HZE97,https://drive.google.com/file/d/1nUcSN7yMzePtJkV3B6TuWcMClenHS1mq/view,https://drive.google.com/drive/folders/1j06YrP0daC5uh_QDKyc5mx3P7x1HZE97,image,.png,1.5 MB,July,4:5,False,False,linked_to_drive,cataloged,not_supplied
1UrZKPpTUP9R8pg9To4MnSMk30OZnoa7L,video 1_1:1.mp4,Past Meta Content/July/video 1_1:1.mp4,meta,1JDs-42gqcWHo-tlYgMpf0H-4584vfL8f,https://drive.google.com/file/d/1UrZKPpTUP9R8pg9To4MnSMk30OZnoa7L/view,https://drive.google.com/drive/folders/1JDs-42gqcWHo-tlYgMpf0H-4584vfL8f,video,.mp4,19.8 MB,July,1:1,False,False,linked_to_drive,cataloged,not_supplied
1h4hDCHpU2Aka89hMP4__nyLNdHqN-RdJ,video 1_4:5.mp4,Past Meta Content/July/video 1_4:5.mp4,meta,1JDs-42gqcWHo-tlYgMpf0H-4584vfL8f,https://drive.google.com/file/d/1h4hDCHpU2Aka89hMP4__nyLNdHqN-RdJ/view,https://drive.google.com/drive/folders/1JDs-42gqcWHo-tlYgMpf0H-4584vfL8f,video,.mp4,24.4 MB,July,4:5,False,False,linked_to_drive,cataloged,not_supplied
13UtnmQNtYHO4U5yoepCMfmteowVP1plp,long form.mp4,Past Meta Content/long form.mp4,meta,1W4nN3mgQOPX-BYslGYzMFGtxMie9qtkA,https://drive.google.com/file/d/13UtnmQNtYHO4U5yoepCMfmteowVP1plp/view,https://drive.google.com/drive/folders/1W4nN3mgQOPX-BYslGYzMFGtxMie9qtkA,video,.mp4,71.1 MB,,,False,False,linked_to_drive,cataloged,not_supplied
1Gm3Faee9OmwlA_5RB6IYbnGpsrnJWEaV,Artboard 1-100.jpg,Past Meta Content/September/Static/Artboard 1-100.jpg,meta,1HxYpz3XvvKd2b2GgVA068r6zRlniR3sA,https://drive.google.com/file/d/1Gm3Faee9OmwlA_5RB6IYbnGpsrnJWEaV/view,https://drive.google.com/drive/folders/1HxYpz3XvvKd2b2GgVA068r6zRlniR3sA,image,.jpg,656 KB,September,,False,False,linked_to_drive,cataloged,not_supplied
1ZinJT5DQQVLRyK_ccD6az8sQybCbvna-,Artboard 1-200.jpg,Past Meta Content/September/Static/Artboard 1-200.jpg,meta,1HxYpz3XvvKd2b2GgVA068r6zRlniR3sA,https://drive.google.com/file/d/1ZinJT5DQQVLRyK_ccD6az8sQybCbvna-/view,https://drive.google.com/drive/folders/1HxYpz3XvvKd2b2GgVA068r6zRlniR3sA,image,.jpg,547 KB,September,,False,False,linked_to_drive,cataloged,not_supplied
1Yt3r53B6nmdfL2ephAzr3yDaOLYOSUYR,Artboard 2-100.jpg,Past Meta Content/September/Static/Artboard 2-100.jpg,meta,1HxYpz3XvvKd2b2GgVA068r6zRlniR3sA,https://drive.google.com/file/d/1Yt3r53B6nmdfL2ephAzr3yDaOLYOSUYR/view,https://drive.google.com/drive/folders/1HxYpz3XvvKd2b2GgVA068r6zRlniR3sA,image,.jpg,739 KB,September,,False,False,linked_to_drive,cataloged,not_supplied
1JKomfIfgl0xxd0011Ud3_TPq1LGtreue,Artboard 2-200.jpg,Past Meta Content/September/Static/Artboard 2-200.jpg,meta,1HxYpz3XvvKd2b2GgVA068r6zRlniR3sA,https://drive.google.com/file/d/1JKomfIfgl0xxd0011Ud3_TPq1LGtreue/view,https://drive.google.com/drive/folders/1HxYpz3XvvKd2b2GgVA068r6zRlniR3sA,image,.jpg,599 KB,September,,False,False,linked_to_drive,cataloged,not_supplied
12OLbMqXJPtJnU_pWmkMR9NrCyyn98LxP,Artboard 3-100.jpg,Past Meta Content/September/Static/Artboard 3-100.jpg,meta,1HxYpz3XvvKd2b2GgVA068r6zRlniR3sA,https://drive.google.com/file/d/12OLbMqXJPtJnU_pWmkMR9NrCyyn98LxP/view,https://drive.google.com/drive/folders/1HxYpz3XvvKd2b2GgVA068r6zRlniR3sA,image,.jpg,585 KB,September,,False,False,linked_to_drive,cataloged,not_supplied
1Eu_geC0lSXoe33f3jURPcnrjePDvFzQM,Artboard 3-200.jpg,Past Meta Content/September/Static/Artboard 3-200.jpg,meta,1HxYpz3XvvKd2b2GgVA068r6zRlniR3sA,https://drive.google.com/file/d/1Eu_geC0lSXoe33f3jURPcnrjePDvFzQM/view,https://drive.google.com/drive/folders/1HxYpz3XvvKd2b2GgVA068r6zRlniR3sA,image,.jpg,526 KB,September,,False,False,linked_to_drive,cataloged,not_supplied
1P6z_m2eADZOdKuz0Q0BVqMQl9hxiyHbv,Artboard 4-100.jpg,Past Meta Content/September/Static/Artboard 4-100.jpg,meta,1HxYpz3XvvKd2b2GgVA068r6zRlniR3sA,https://drive.google.com/file/d/1P6z_m2eADZOdKuz0Q0BVqMQl9hxiyHbv/view,https://drive.google.com/drive/folders/1HxYpz3XvvKd2b2GgVA068r6zRlniR3sA,image,.jpg,675 KB,September,,False,False,linked_to_drive,cataloged,not_supplied
1x9KOSiyJxhRLqvDWj0zrwuaLf9CYm6Z-,Artboard 4-200.jpg,Past Meta Content/September/Static/Artboard 4-200.jpg,meta,1HxYpz3XvvKd2b2GgVA068r6zRlniR3sA,https://drive.google.com/file/d/1x9KOSiyJxhRLqvDWj0zrwuaLf9CYm6Z-/view,https://drive.google.com/drive/folders/1HxYpz3XvvKd2b2GgVA068r6zRlniR3sA,image,.jpg,575 KB,September,,False,False,linked_to_drive,cataloged,not_supplied
10njKbFbEEjk8tvVfNZB-UyXAuccOmjSD,Artboard 5-100.jpg,Past Meta Content/September/Static/Artboard 5-100.jpg,meta,1HxYpz3XvvKd2b2GgVA068r6zRlniR3sA,https://drive.google.com/file/d/10njKbFbEEjk8tvVfNZB-UyXAuccOmjSD/view,https://drive.google.com/drive/folders/1HxYpz3XvvKd2b2GgVA068r6zRlniR3sA,image,.jpg,934 KB,September,,False,False,linked_to_drive,cataloged,not_supplied
1vMjTIX0HDWlUyW7aggWlIBeheo2hioI9,Artboard 5-200.jpg,Past Meta Content/September/Static/Artboard 5-200.jpg,meta,1HxYpz3XvvKd2b2GgVA068r6zRlniR3sA,https://drive.google.com/file/d/1vMjTIX0HDWlUyW7aggWlIBeheo2hioI9/view,https://drive.google.com/drive/folders/1HxYpz3XvvKd2b2GgVA068r6zRlniR3sA,image,.jpg,884 KB,September,,False,False,linked_to_drive,cataloged,not_supplied
1lMa67QLbRbp0MA1hQhqeO8jc34x42Zae,Artboard 6-100.jpg,Past Meta Content/September/Static/Artboard 6-100.jpg,meta,1HxYpz3XvvKd2b2GgVA068r6zRlniR3sA,https://drive.google.com/file/d/1lMa67QLbRbp0MA1hQhqeO8jc34x42Zae/view,https://drive.google.com/drive/folders/1HxYpz3XvvKd2b2GgVA068r6zRlniR3sA,image,.jpg,650 KB,September,,False,False,linked_to_drive,cataloged,not_supplied
14arlJo5A5WgAZxRTJsL82RIXuNjLfGRS,Artboard 6-200.jpg,Past Meta Content/September/Static/Artboard 6-200.jpg,meta,1HxYpz3XvvKd2b2GgVA068r6zRlniR3sA,https://drive.google.com/file/d/14arlJo5A5WgAZxRTJsL82RIXuNjLfGRS/view,https://drive.google.com/drive/folders/1HxYpz3XvvKd2b2GgVA068r6zRlniR3sA,image,.jpg,537 KB,September,,False,False,linked_to_drive,cataloged,not_supplied
1KaVYOE-NhcU-25xVJ3x-ljZQbukmngNB,RBA-KY_SEP26_V01-A_1x1.mp4,Past Meta Content/September/Video/RBA-KY_SEP26_V01-A_1x1.mp4,meta,1mm81pG-IsTu5V-f6UWioL1OEkICRpL7H,https://drive.google.com/file/d/1KaVYOE-NhcU-25xVJ3x-ljZQbukmngNB/view,https://drive.google.com/drive/folders/1mm81pG-IsTu5V-f6UWioL1OEkICRpL7H,video,.mp4,9.4 MB,September,1:1,False,False,linked_to_drive,cataloged,not_supplied
1E8v4HGvKQjltSFiA2gDHvuvoZF2YX7QT,RBA-KY_SEP26_V01-A_4x5.mp4,Past Meta Content/September/Video/RBA-KY_SEP26_V01-A_4x5.mp4,meta,1mm81pG-IsTu5V-f6UWioL1OEkICRpL7H,https://drive.google.com/file/d/1E8v4HGvKQjltSFiA2gDHvuvoZF2YX7QT/view,https://drive.google.com/drive/folders/1mm81pG-IsTu5V-f6UWioL1OEkICRpL7H,video,.mp4,11.9 MB,September,4:5,False,False,linked_to_drive,cataloged,not_supplied
1DoxLr8TQ-ZFGv17zlInEuJzh-5DohcX-,RBA-KY_SEP26_V03_1x1.mp4,Past Meta Content/September/Video/RBA-KY_SEP26_V03_1x1.mp4,meta,1mm81pG-IsTu5V-f6UWioL1OEkICRpL7H,https://drive.google.com/file/d/1DoxLr8TQ-ZFGv17zlInEuJzh-5DohcX-/view,https://drive.google.com/drive/folders/1mm81pG-IsTu5V-f6UWioL1OEkICRpL7H,video,.mp4,11.7 MB,September,1:1,False,False,linked_to_drive,cataloged,not_supplied
1Ab0B3TlywcOFo1gRNhZHsbM1kFdNxhf9,RBA-KY_SEP26_V03_4x5.mp4,Past Meta Content/September/Video/RBA-KY_SEP26_V03_4x5.mp4,meta,1mm81pG-IsTu5V-f6UWioL1OEkICRpL7H,https://drive.google.com/file/d/1Ab0B3TlywcOFo1gRNhZHsbM1kFdNxhf9/view,https://drive.google.com/drive/folders/1mm81pG-IsTu5V-f6UWioL1OEkICRpL7H,video,.mp4,14.3 MB,September,4:5,False,False,linked_to_drive,cataloged,not_supplied
1y9dS3hca-jqrJ0R_GeKjkEvie7-VL8lg,RBA-KY_SEP26_V04_1x1.mp4,Past Meta Content/September/Video/RBA-KY_SEP26_V04_1x1.mp4,meta,1mm81pG-IsTu5V-f6UWioL1OEkICRpL7H,https://drive.google.com/file/d/1y9dS3hca-jqrJ0R_GeKjkEvie7-VL8lg/view,https://drive.google.com/drive/folders/1mm81pG-IsTu5V-f6UWioL1OEkICRpL7H,video,.mp4,8.2 MB,September,1:1,False,False,linked_to_drive,cataloged,not_supplied
1vKQGwvRb2TOdUMetr7dyGwTjN79hJYG5,RBA-KY_SEP26_V04_4x5.mp4,Past Meta Content/September/Video/RBA-KY_SEP26_V04_4x5.mp4,meta,1mm81pG-IsTu5V-f6UWioL1OEkICRpL7H,https://drive.google.com/file/d/1vKQGwvRb2TOdUMetr7dyGwTjN79hJYG5/view,https://drive.google.com/drive/folders/1mm81pG-IsTu5V-f6UWioL1OEkICRpL7H,video,.mp4,10.1 MB,September,4:5,False,False,linked_to_drive,cataloged,not_supplied
1bdgnl6AypmH65FrSncm77K633PLKj9rW,RBA-KY_SEP26_V05-UGC_1x1.mp4,Past Meta Content/September/Video/RBA-KY_SEP26_V05-UGC_1x1.mp4,meta,1mm81pG-IsTu5V-f6UWioL1OEkICRpL7H,https://drive.google.com/file/d/1bdgnl6AypmH65FrSncm77K633PLKj9rW/view,https://drive.google.com/drive/folders/1mm81pG-IsTu5V-f6UWioL1OEkICRpL7H,video,.mp4,6.7 MB,September,1:1,True,False,linked_to_drive,cataloged,not_supplied
1RcBojsHM2E6Q8syUwvY6_5cC0Ze71bFi,RBA-KY_SEP26_V05-UGC_4x5.mp4,Past Meta Content/September/Video/RBA-KY_SEP26_V05-UGC_4x5.mp4,meta,1mm81pG-IsTu5V-f6UWioL1OEkICRpL7H,https://drive.google.com/file/d/1RcBojsHM2E6Q8syUwvY6_5cC0Ze71bFi/view,https://drive.google.com/drive/folders/1mm81pG-IsTu5V-f6UWioL1OEkICRpL7H,video,.mp4,9 MB,September,4:5,True,False,linked_to_drive,cataloged,not_supplied
1VOuLDia90V91H4gPAj1zMQbAJJ82u3If,RBA-KY_SEP26_V08_1x1_preview.mp4,Past Meta Content/September/Video/RBA-KY_SEP26_V08_1x1_preview.mp4,meta,1mm81pG-IsTu5V-f6UWioL1OEkICRpL7H,https://drive.google.com/file/d/1VOuLDia90V91H4gPAj1zMQbAJJ82u3If/view,https://drive.google.com/drive/folders/1mm81pG-IsTu5V-f6UWioL1OEkICRpL7H,video,.mp4,177.4 MB,September,1:1,False,True,linked_to_drive,cataloged,not_supplied
1VJO2dOFlxsZwdH_D5q9kgQ2Txe5xdvMb,RBA-KY_SEP26_V08_4x5_preview.mp4,Past Meta Content/September/Video/RBA-KY_SEP26_V08_4x5_preview.mp4,meta,1mm81pG-IsTu5V-f6UWioL1OEkICRpL7H,https://drive.google.com/file/d/1VJO2dOFlxsZwdH_D5q9kgQ2Txe5xdvMb/view,https://drive.google.com/drive/folders/1mm81pG-IsTu5V-f6UWioL1OEkICRpL7H,video,.mp4,223 MB,September,4:5,False,True,linked_to_drive,cataloged,not_supplied
1nNz5qnbNRn9uQCyR1_YyDFQGcntP_HQe,short form.mp4,Past Meta Content/short form.mp4,meta,1W4nN3mgQOPX-BYslGYzMFGtxMie9qtkA,https://drive.google.com/file/d/1nNz5qnbNRn9uQCyR1_YyDFQGcntP_HQe/view,https://drive.google.com/drive/folders/1W4nN3mgQOPX-BYslGYzMFGtxMie9qtkA,video,.mp4,23.4 MB,,,False,False,linked_to_drive,cataloged,not_supplied
